sample_id,split,season,scene,patch,patch_row_index,cloud_coverage_pct,land_cover,note,cloudy_s2,sar_s1,clear_target
training_source_spring_scene101,train,spring,scene_101,p100,0,,,"Source dataset's train split; the released checkpoint was trained on SEN12MS-CR, but this does not assert that this exact patch appeared in its training run.",training_source_spring_scene101/cloudy_s2.tif,training_source_spring_scene101/sar_s1_vv_vh.tif,training_source_spring_scene101/clear_s2_reference.tif
training_source_spring_scene101_row1,train,spring,scene_101,p101,1,,,"Source dataset's train split; the released checkpoint was trained on SEN12MS-CR, but this does not assert that this exact patch appeared in its training run.",training_source_spring_scene101_row1/cloudy_s2.tif,training_source_spring_scene101_row1/sar_s1_vv_vh.tif,training_source_spring_scene101_row1/clear_s2_reference.tif
training_source_spring_scene101_row2,train,spring,scene_101,p102,2,,,"Source dataset's train split; the released checkpoint was trained on SEN12MS-CR, but this does not assert that this exact patch appeared in its training run.",training_source_spring_scene101_row2/cloudy_s2.tif,training_source_spring_scene101_row2/sar_s1_vv_vh.tif,training_source_spring_scene101_row2/clear_s2_reference.tif
training_source_spring_scene101_row3,train,spring,scene_101,p103,3,,,"Source dataset's train split; the released checkpoint was trained on SEN12MS-CR, but this does not assert that this exact patch appeared in its training run.",training_source_spring_scene101_row3/cloudy_s2.tif,training_source_spring_scene101_row3/sar_s1_vv_vh.tif,training_source_spring_scene101_row3/clear_s2_reference.tif
training_source_spring_scene101_row4,train,spring,scene_101,p104,4,,,"Source dataset's train split; the released checkpoint was trained on SEN12MS-CR, but this does not assert that this exact patch appeared in its training run.",training_source_spring_scene101_row4/cloudy_s2.tif,training_source_spring_scene101_row4/sar_s1_vv_vh.tif,training_source_spring_scene101_row4/clear_s2_reference.tif
training_source_spring_scene101_row5,train,spring,scene_101,p105,5,,,"Source dataset's train split; the released checkpoint was trained on SEN12MS-CR, but this does not assert that this exact patch appeared in its training run.",training_source_spring_scene101_row5/cloudy_s2.tif,training_source_spring_scene101_row5/sar_s1_vv_vh.tif,training_source_spring_scene101_row5/clear_s2_reference.tif
training_source_spring_scene101_row6,train,spring,scene_101,p106,6,,,"Source dataset's train split; the released checkpoint was trained on SEN12MS-CR, but this does not assert that this exact patch appeared in its training run.",training_source_spring_scene101_row6/cloudy_s2.tif,training_source_spring_scene101_row6/sar_s1_vv_vh.tif,training_source_spring_scene101_row6/clear_s2_reference.tif
training_source_spring_scene101_row7,train,spring,scene_101,p107,7,,,"Source dataset's train split; the released checkpoint was trained on SEN12MS-CR, but this does not assert that this exact patch appeared in its training run.",training_source_spring_scene101_row7/cloudy_s2.tif,training_source_spring_scene101_row7/sar_s1_vv_vh.tif,training_source_spring_scene101_row7/clear_s2_reference.tif
training_source_spring_scene101_row8,train,spring,scene_101,p108,8,,,"Source dataset's train split; the released checkpoint was trained on SEN12MS-CR, but this does not assert that this exact patch appeared in its training run.",training_source_spring_scene101_row8/cloudy_s2.tif,training_source_spring_scene101_row8/sar_s1_vv_vh.tif,training_source_spring_scene101_row8/clear_s2_reference.tif
training_source_spring_scene101_row9,train,spring,scene_101,p109,9,,,"Source dataset's train split; the released checkpoint was trained on SEN12MS-CR, but this does not assert that this exact patch appeared in its training run.",training_source_spring_scene101_row9/cloudy_s2.tif,training_source_spring_scene101_row9/sar_s1_vv_vh.tif,training_source_spring_scene101_row9/clear_s2_reference.tif
training_source_spring_scene101_row10,train,spring,scene_101,p110,10,,,"Source dataset's train split; the released checkpoint was trained on SEN12MS-CR, but this does not assert that this exact patch appeared in its training run.",training_source_spring_scene101_row10/cloudy_s2.tif,training_source_spring_scene101_row10/sar_s1_vv_vh.tif,training_source_spring_scene101_row10/clear_s2_reference.tif
training_source_spring_scene101_row11,train,spring,scene_101,p111,11,,,"Source dataset's train split; the released checkpoint was trained on SEN12MS-CR, but this does not assert that this exact patch appeared in its training run.",training_source_spring_scene101_row11/cloudy_s2.tif,training_source_spring_scene101_row11/sar_s1_vv_vh.tif,training_source_spring_scene101_row11/clear_s2_reference.tif
training_source_spring_scene101_row12,train,spring,scene_101,p112,12,,,"Source dataset's train split; the released checkpoint was trained on SEN12MS-CR, but this does not assert that this exact patch appeared in its training run.",training_source_spring_scene101_row12/cloudy_s2.tif,training_source_spring_scene101_row12/sar_s1_vv_vh.tif,training_source_spring_scene101_row12/clear_s2_reference.tif
training_source_spring_scene101_row13,train,spring,scene_101,p113,13,,,"Source dataset's train split; the released checkpoint was trained on SEN12MS-CR, but this does not assert that this exact patch appeared in its training run.",training_source_spring_scene101_row13/cloudy_s2.tif,training_source_spring_scene101_row13/sar_s1_vv_vh.tif,training_source_spring_scene101_row13/clear_s2_reference.tif
training_source_spring_scene101_row14,train,spring,scene_101,p114,14,,,"Source dataset's train split; the released checkpoint was trained on SEN12MS-CR, but this does not assert that this exact patch appeared in its training run.",training_source_spring_scene101_row14/cloudy_s2.tif,training_source_spring_scene101_row14/sar_s1_vv_vh.tif,training_source_spring_scene101_row14/clear_s2_reference.tif
training_source_spring_scene101_row15,train,spring,scene_101,p115,15,,,"Source dataset's train split; the released checkpoint was trained on SEN12MS-CR, but this does not assert that this exact patch appeared in its training run.",training_source_spring_scene101_row15/cloudy_s2.tif,training_source_spring_scene101_row15/sar_s1_vv_vh.tif,training_source_spring_scene101_row15/clear_s2_reference.tif
training_source_spring_scene101_row16,train,spring,scene_101,p117,16,,,"Source dataset's train split; the released checkpoint was trained on SEN12MS-CR, but this does not assert that this exact patch appeared in its training run.",training_source_spring_scene101_row16/cloudy_s2.tif,training_source_spring_scene101_row16/sar_s1_vv_vh.tif,training_source_spring_scene101_row16/clear_s2_reference.tif
training_source_spring_scene101_row17,train,spring,scene_101,p118,17,,,"Source dataset's train split; the released checkpoint was trained on SEN12MS-CR, but this does not assert that this exact patch appeared in its training run.",training_source_spring_scene101_row17/cloudy_s2.tif,training_source_spring_scene101_row17/sar_s1_vv_vh.tif,training_source_spring_scene101_row17/clear_s2_reference.tif
training_source_spring_scene101_row18,train,spring,scene_101,p119,18,,,"Source dataset's train split; the released checkpoint was trained on SEN12MS-CR, but this does not assert that this exact patch appeared in its training run.",training_source_spring_scene101_row18/cloudy_s2.tif,training_source_spring_scene101_row18/sar_s1_vv_vh.tif,training_source_spring_scene101_row18/clear_s2_reference.tif
training_source_spring_scene101_row19,train,spring,scene_101,p120,19,,,"Source dataset's train split; the released checkpoint was trained on SEN12MS-CR, but this does not assert that this exact patch appeared in its training run.",training_source_spring_scene101_row19/cloudy_s2.tif,training_source_spring_scene101_row19/sar_s1_vv_vh.tif,training_source_spring_scene101_row19/clear_s2_reference.tif
training_source_spring_scene101_row20,train,spring,scene_101,p121,20,,,"Source dataset's train split; the released checkpoint was trained on SEN12MS-CR, but this does not assert that this exact patch appeared in its training run.",training_source_spring_scene101_row20/cloudy_s2.tif,training_source_spring_scene101_row20/sar_s1_vv_vh.tif,training_source_spring_scene101_row20/clear_s2_reference.tif
training_source_spring_scene101_row21,train,spring,scene_101,p122,21,,,"Source dataset's train split; the released checkpoint was trained on SEN12MS-CR, but this does not assert that this exact patch appeared in its training run.",training_source_spring_scene101_row21/cloudy_s2.tif,training_source_spring_scene101_row21/sar_s1_vv_vh.tif,training_source_spring_scene101_row21/clear_s2_reference.tif
training_source_spring_scene101_row22,train,spring,scene_101,p123,22,,,"Source dataset's train split; the released checkpoint was trained on SEN12MS-CR, but this does not assert that this exact patch appeared in its training run.",training_source_spring_scene101_row22/cloudy_s2.tif,training_source_spring_scene101_row22/sar_s1_vv_vh.tif,training_source_spring_scene101_row22/clear_s2_reference.tif
training_source_spring_scene101_row23,train,spring,scene_101,p124,23,,,"Source dataset's train split; the released checkpoint was trained on SEN12MS-CR, but this does not assert that this exact patch appeared in its training run.",training_source_spring_scene101_row23/cloudy_s2.tif,training_source_spring_scene101_row23/sar_s1_vv_vh.tif,training_source_spring_scene101_row23/clear_s2_reference.tif
training_source_spring_scene101_row24,train,spring,scene_101,p125,24,,,"Source dataset's train split; the released checkpoint was trained on SEN12MS-CR, but this does not assert that this exact patch appeared in its training run.",training_source_spring_scene101_row24/cloudy_s2.tif,training_source_spring_scene101_row24/sar_s1_vv_vh.tif,training_source_spring_scene101_row24/clear_s2_reference.tif
training_source_spring_scene101_row25,train,spring,scene_101,p126,25,,,"Source dataset's train split; the released checkpoint was trained on SEN12MS-CR, but this does not assert that this exact patch appeared in its training run.",training_source_spring_scene101_row25/cloudy_s2.tif,training_source_spring_scene101_row25/sar_s1_vv_vh.tif,training_source_spring_scene101_row25/clear_s2_reference.tif
training_source_spring_scene101_row26,train,spring,scene_101,p127,26,,,"Source dataset's train split; the released checkpoint was trained on SEN12MS-CR, but this does not assert that this exact patch appeared in its training run.",training_source_spring_scene101_row26/cloudy_s2.tif,training_source_spring_scene101_row26/sar_s1_vv_vh.tif,training_source_spring_scene101_row26/clear_s2_reference.tif
training_source_spring_scene101_row27,train,spring,scene_101,p128,27,,,"Source dataset's train split; the released checkpoint was trained on SEN12MS-CR, but this does not assert that this exact patch appeared in its training run.",training_source_spring_scene101_row27/cloudy_s2.tif,training_source_spring_scene101_row27/sar_s1_vv_vh.tif,training_source_spring_scene101_row27/clear_s2_reference.tif
training_source_spring_scene101_row28,train,spring,scene_101,p129,28,,,"Source dataset's train split; the released checkpoint was trained on SEN12MS-CR, but this does not assert that this exact patch appeared in its training run.",training_source_spring_scene101_row28/cloudy_s2.tif,training_source_spring_scene101_row28/sar_s1_vv_vh.tif,training_source_spring_scene101_row28/clear_s2_reference.tif
training_source_spring_scene101_row29,train,spring,scene_101,p130,29,,,"Source dataset's train split; the released checkpoint was trained on SEN12MS-CR, but this does not assert that this exact patch appeared in its training run.",training_source_spring_scene101_row29/cloudy_s2.tif,training_source_spring_scene101_row29/sar_s1_vv_vh.tif,training_source_spring_scene101_row29/clear_s2_reference.tif
training_source_spring_scene101_row30,train,spring,scene_101,p131,30,,,"Source dataset's train split; the released checkpoint was trained on SEN12MS-CR, but this does not assert that this exact patch appeared in its training run.",training_source_spring_scene101_row30/cloudy_s2.tif,training_source_spring_scene101_row30/sar_s1_vv_vh.tif,training_source_spring_scene101_row30/clear_s2_reference.tif
training_source_spring_scene101_row31,train,spring,scene_101,p132,31,,,"Source dataset's train split; the released checkpoint was trained on SEN12MS-CR, but this does not assert that this exact patch appeared in its training run.",training_source_spring_scene101_row31/cloudy_s2.tif,training_source_spring_scene101_row31/sar_s1_vv_vh.tif,training_source_spring_scene101_row31/clear_s2_reference.tif
training_source_spring_scene101_row32,train,spring,scene_101,p133,32,,,"Source dataset's train split; the released checkpoint was trained on SEN12MS-CR, but this does not assert that this exact patch appeared in its training run.",training_source_spring_scene101_row32/cloudy_s2.tif,training_source_spring_scene101_row32/sar_s1_vv_vh.tif,training_source_spring_scene101_row32/clear_s2_reference.tif
training_source_spring_scene101_row33,train,spring,scene_101,p134,33,,,"Source dataset's train split; the released checkpoint was trained on SEN12MS-CR, but this does not assert that this exact patch appeared in its training run.",training_source_spring_scene101_row33/cloudy_s2.tif,training_source_spring_scene101_row33/sar_s1_vv_vh.tif,training_source_spring_scene101_row33/clear_s2_reference.tif
training_source_spring_scene101_row34,train,spring,scene_101,p135,34,,,"Source dataset's train split; the released checkpoint was trained on SEN12MS-CR, but this does not assert that this exact patch appeared in its training run.",training_source_spring_scene101_row34/cloudy_s2.tif,training_source_spring_scene101_row34/sar_s1_vv_vh.tif,training_source_spring_scene101_row34/clear_s2_reference.tif
training_source_spring_scene101_row35,train,spring,scene_101,p136,35,,,"Source dataset's train split; the released checkpoint was trained on SEN12MS-CR, but this does not assert that this exact patch appeared in its training run.",training_source_spring_scene101_row35/cloudy_s2.tif,training_source_spring_scene101_row35/sar_s1_vv_vh.tif,training_source_spring_scene101_row35/clear_s2_reference.tif
training_source_spring_scene101_row36,train,spring,scene_101,p137,36,,,"Source dataset's train split; the released checkpoint was trained on SEN12MS-CR, but this does not assert that this exact patch appeared in its training run.",training_source_spring_scene101_row36/cloudy_s2.tif,training_source_spring_scene101_row36/sar_s1_vv_vh.tif,training_source_spring_scene101_row36/clear_s2_reference.tif
training_source_spring_scene101_row37,train,spring,scene_101,p138,37,,,"Source dataset's train split; the released checkpoint was trained on SEN12MS-CR, but this does not assert that this exact patch appeared in its training run.",training_source_spring_scene101_row37/cloudy_s2.tif,training_source_spring_scene101_row37/sar_s1_vv_vh.tif,training_source_spring_scene101_row37/clear_s2_reference.tif
training_source_spring_scene101_row38,train,spring,scene_101,p139,38,,,"Source dataset's train split; the released checkpoint was trained on SEN12MS-CR, but this does not assert that this exact patch appeared in its training run.",training_source_spring_scene101_row38/cloudy_s2.tif,training_source_spring_scene101_row38/sar_s1_vv_vh.tif,training_source_spring_scene101_row38/clear_s2_reference.tif
training_source_spring_scene101_row39,train,spring,scene_101,p140,39,,,"Source dataset's train split; the released checkpoint was trained on SEN12MS-CR, but this does not assert that this exact patch appeared in its training run.",training_source_spring_scene101_row39/cloudy_s2.tif,training_source_spring_scene101_row39/sar_s1_vv_vh.tif,training_source_spring_scene101_row39/clear_s2_reference.tif
training_source_spring_scene101_row40,train,spring,scene_101,p141,40,,,"Source dataset's train split; the released checkpoint was trained on SEN12MS-CR, but this does not assert that this exact patch appeared in its training run.",training_source_spring_scene101_row40/cloudy_s2.tif,training_source_spring_scene101_row40/sar_s1_vv_vh.tif,training_source_spring_scene101_row40/clear_s2_reference.tif
training_source_spring_scene101_row41,train,spring,scene_101,p142,41,,,"Source dataset's train split; the released checkpoint was trained on SEN12MS-CR, but this does not assert that this exact patch appeared in its training run.",training_source_spring_scene101_row41/cloudy_s2.tif,training_source_spring_scene101_row41/sar_s1_vv_vh.tif,training_source_spring_scene101_row41/clear_s2_reference.tif
training_source_spring_scene101_row42,train,spring,scene_101,p143,42,,,"Source dataset's train split; the released checkpoint was trained on SEN12MS-CR, but this does not assert that this exact patch appeared in its training run.",training_source_spring_scene101_row42/cloudy_s2.tif,training_source_spring_scene101_row42/sar_s1_vv_vh.tif,training_source_spring_scene101_row42/clear_s2_reference.tif
training_source_spring_scene101_row43,train,spring,scene_101,p144,43,,,"Source dataset's train split; the released checkpoint was trained on SEN12MS-CR, but this does not assert that this exact patch appeared in its training run.",training_source_spring_scene101_row43/cloudy_s2.tif,training_source_spring_scene101_row43/sar_s1_vv_vh.tif,training_source_spring_scene101_row43/clear_s2_reference.tif
training_source_spring_scene101_row44,train,spring,scene_101,p146,44,,,"Source dataset's train split; the released checkpoint was trained on SEN12MS-CR, but this does not assert that this exact patch appeared in its training run.",training_source_spring_scene101_row44/cloudy_s2.tif,training_source_spring_scene101_row44/sar_s1_vv_vh.tif,training_source_spring_scene101_row44/clear_s2_reference.tif
training_source_spring_scene101_row45,train,spring,scene_101,p147,45,,,"Source dataset's train split; the released checkpoint was trained on SEN12MS-CR, but this does not assert that this exact patch appeared in its training run.",training_source_spring_scene101_row45/cloudy_s2.tif,training_source_spring_scene101_row45/sar_s1_vv_vh.tif,training_source_spring_scene101_row45/clear_s2_reference.tif
training_source_spring_scene101_row46,train,spring,scene_101,p148,46,,,"Source dataset's train split; the released checkpoint was trained on SEN12MS-CR, but this does not assert that this exact patch appeared in its training run.",training_source_spring_scene101_row46/cloudy_s2.tif,training_source_spring_scene101_row46/sar_s1_vv_vh.tif,training_source_spring_scene101_row46/clear_s2_reference.tif
training_source_spring_scene101_row47,train,spring,scene_101,p149,47,,,"Source dataset's train split; the released checkpoint was trained on SEN12MS-CR, but this does not assert that this exact patch appeared in its training run.",training_source_spring_scene101_row47/cloudy_s2.tif,training_source_spring_scene101_row47/sar_s1_vv_vh.tif,training_source_spring_scene101_row47/clear_s2_reference.tif
training_source_spring_scene101_row48,train,spring,scene_101,p150,48,,,"Source dataset's train split; the released checkpoint was trained on SEN12MS-CR, but this does not assert that this exact patch appeared in its training run.",training_source_spring_scene101_row48/cloudy_s2.tif,training_source_spring_scene101_row48/sar_s1_vv_vh.tif,training_source_spring_scene101_row48/clear_s2_reference.tif
training_source_spring_scene101_row49,train,spring,scene_101,p151,49,,,"Source dataset's train split; the released checkpoint was trained on SEN12MS-CR, but this does not assert that this exact patch appeared in its training run.",training_source_spring_scene101_row49/cloudy_s2.tif,training_source_spring_scene101_row49/sar_s1_vv_vh.tif,training_source_spring_scene101_row49/clear_s2_reference.tif
training_source_spring_scene101_row50,train,spring,scene_101,p152,50,,,"Source dataset's train split; the released checkpoint was trained on SEN12MS-CR, but this does not assert that this exact patch appeared in its training run.",training_source_spring_scene101_row50/cloudy_s2.tif,training_source_spring_scene101_row50/sar_s1_vv_vh.tif,training_source_spring_scene101_row50/clear_s2_reference.tif
training_source_spring_scene101_row51,train,spring,scene_101,p153,51,,,"Source dataset's train split; the released checkpoint was trained on SEN12MS-CR, but this does not assert that this exact patch appeared in its training run.",training_source_spring_scene101_row51/cloudy_s2.tif,training_source_spring_scene101_row51/sar_s1_vv_vh.tif,training_source_spring_scene101_row51/clear_s2_reference.tif
training_source_spring_scene101_row52,train,spring,scene_101,p154,52,,,"Source dataset's train split; the released checkpoint was trained on SEN12MS-CR, but this does not assert that this exact patch appeared in its training run.",training_source_spring_scene101_row52/cloudy_s2.tif,training_source_spring_scene101_row52/sar_s1_vv_vh.tif,training_source_spring_scene101_row52/clear_s2_reference.tif
training_source_spring_scene101_row53,train,spring,scene_101,p155,53,,,"Source dataset's train split; the released checkpoint was trained on SEN12MS-CR, but this does not assert that this exact patch appeared in its training run.",training_source_spring_scene101_row53/cloudy_s2.tif,training_source_spring_scene101_row53/sar_s1_vv_vh.tif,training_source_spring_scene101_row53/clear_s2_reference.tif
training_source_spring_scene101_row54,train,spring,scene_101,p156,54,,,"Source dataset's train split; the released checkpoint was trained on SEN12MS-CR, but this does not assert that this exact patch appeared in its training run.",training_source_spring_scene101_row54/cloudy_s2.tif,training_source_spring_scene101_row54/sar_s1_vv_vh.tif,training_source_spring_scene101_row54/clear_s2_reference.tif
training_source_spring_scene101_row55,train,spring,scene_101,p157,55,,,"Source dataset's train split; the released checkpoint was trained on SEN12MS-CR, but this does not assert that this exact patch appeared in its training run.",training_source_spring_scene101_row55/cloudy_s2.tif,training_source_spring_scene101_row55/sar_s1_vv_vh.tif,training_source_spring_scene101_row55/clear_s2_reference.tif
training_source_spring_scene101_row56,train,spring,scene_101,p158,56,,,"Source dataset's train split; the released checkpoint was trained on SEN12MS-CR, but this does not assert that this exact patch appeared in its training run.",training_source_spring_scene101_row56/cloudy_s2.tif,training_source_spring_scene101_row56/sar_s1_vv_vh.tif,training_source_spring_scene101_row56/clear_s2_reference.tif
training_source_spring_scene101_row57,train,spring,scene_101,p159,57,,,"Source dataset's train split; the released checkpoint was trained on SEN12MS-CR, but this does not assert that this exact patch appeared in its training run.",training_source_spring_scene101_row57/cloudy_s2.tif,training_source_spring_scene101_row57/sar_s1_vv_vh.tif,training_source_spring_scene101_row57/clear_s2_reference.tif
training_source_spring_scene101_row58,train,spring,scene_101,p160,58,,,"Source dataset's train split; the released checkpoint was trained on SEN12MS-CR, but this does not assert that this exact patch appeared in its training run.",training_source_spring_scene101_row58/cloudy_s2.tif,training_source_spring_scene101_row58/sar_s1_vv_vh.tif,training_source_spring_scene101_row58/clear_s2_reference.tif
training_source_spring_scene101_row59,train,spring,scene_101,p161,59,,,"Source dataset's train split; the released checkpoint was trained on SEN12MS-CR, but this does not assert that this exact patch appeared in its training run.",training_source_spring_scene101_row59/cloudy_s2.tif,training_source_spring_scene101_row59/sar_s1_vv_vh.tif,training_source_spring_scene101_row59/clear_s2_reference.tif
training_source_spring_scene101_row60,train,spring,scene_101,p162,60,,,"Source dataset's train split; the released checkpoint was trained on SEN12MS-CR, but this does not assert that this exact patch appeared in its training run.",training_source_spring_scene101_row60/cloudy_s2.tif,training_source_spring_scene101_row60/sar_s1_vv_vh.tif,training_source_spring_scene101_row60/clear_s2_reference.tif
training_source_spring_scene101_row61,train,spring,scene_101,p163,61,,,"Source dataset's train split; the released checkpoint was trained on SEN12MS-CR, but this does not assert that this exact patch appeared in its training run.",training_source_spring_scene101_row61/cloudy_s2.tif,training_source_spring_scene101_row61/sar_s1_vv_vh.tif,training_source_spring_scene101_row61/clear_s2_reference.tif
training_source_spring_scene101_row62,train,spring,scene_101,p164,62,,,"Source dataset's train split; the released checkpoint was trained on SEN12MS-CR, but this does not assert that this exact patch appeared in its training run.",training_source_spring_scene101_row62/cloudy_s2.tif,training_source_spring_scene101_row62/sar_s1_vv_vh.tif,training_source_spring_scene101_row62/clear_s2_reference.tif
training_source_spring_scene101_row63,train,spring,scene_101,p165,63,,,"Source dataset's train split; the released checkpoint was trained on SEN12MS-CR, but this does not assert that this exact patch appeared in its training run.",training_source_spring_scene101_row63/cloudy_s2.tif,training_source_spring_scene101_row63/sar_s1_vv_vh.tif,training_source_spring_scene101_row63/clear_s2_reference.tif
training_source_spring_scene101_row64,train,spring,scene_101,p166,64,,,"Source dataset's train split; the released checkpoint was trained on SEN12MS-CR, but this does not assert that this exact patch appeared in its training run.",training_source_spring_scene101_row64/cloudy_s2.tif,training_source_spring_scene101_row64/sar_s1_vv_vh.tif,training_source_spring_scene101_row64/clear_s2_reference.tif
training_source_spring_scene101_row65,train,spring,scene_101,p167,65,,,"Source dataset's train split; the released checkpoint was trained on SEN12MS-CR, but this does not assert that this exact patch appeared in its training run.",training_source_spring_scene101_row65/cloudy_s2.tif,training_source_spring_scene101_row65/sar_s1_vv_vh.tif,training_source_spring_scene101_row65/clear_s2_reference.tif
training_source_spring_scene101_row66,train,spring,scene_101,p168,66,,,"Source dataset's train split; the released checkpoint was trained on SEN12MS-CR, but this does not assert that this exact patch appeared in its training run.",training_source_spring_scene101_row66/cloudy_s2.tif,training_source_spring_scene101_row66/sar_s1_vv_vh.tif,training_source_spring_scene101_row66/clear_s2_reference.tif
training_source_spring_scene101_row67,train,spring,scene_101,p169,67,,,"Source dataset's train split; the released checkpoint was trained on SEN12MS-CR, but this does not assert that this exact patch appeared in its training run.",training_source_spring_scene101_row67/cloudy_s2.tif,training_source_spring_scene101_row67/sar_s1_vv_vh.tif,training_source_spring_scene101_row67/clear_s2_reference.tif
training_source_spring_scene101_row68,train,spring,scene_101,p170,68,,,"Source dataset's train split; the released checkpoint was trained on SEN12MS-CR, but this does not assert that this exact patch appeared in its training run.",training_source_spring_scene101_row68/cloudy_s2.tif,training_source_spring_scene101_row68/sar_s1_vv_vh.tif,training_source_spring_scene101_row68/clear_s2_reference.tif
training_source_spring_scene101_row69,train,spring,scene_101,p171,69,,,"Source dataset's train split; the released checkpoint was trained on SEN12MS-CR, but this does not assert that this exact patch appeared in its training run.",training_source_spring_scene101_row69/cloudy_s2.tif,training_source_spring_scene101_row69/sar_s1_vv_vh.tif,training_source_spring_scene101_row69/clear_s2_reference.tif
training_source_spring_scene101_row70,train,spring,scene_101,p172,70,,,"Source dataset's train split; the released checkpoint was trained on SEN12MS-CR, but this does not assert that this exact patch appeared in its training run.",training_source_spring_scene101_row70/cloudy_s2.tif,training_source_spring_scene101_row70/sar_s1_vv_vh.tif,training_source_spring_scene101_row70/clear_s2_reference.tif
training_source_spring_scene101_row71,train,spring,scene_101,p173,71,,,"Source dataset's train split; the released checkpoint was trained on SEN12MS-CR, but this does not assert that this exact patch appeared in its training run.",training_source_spring_scene101_row71/cloudy_s2.tif,training_source_spring_scene101_row71/sar_s1_vv_vh.tif,training_source_spring_scene101_row71/clear_s2_reference.tif
training_source_spring_scene101_row72,train,spring,scene_101,p175,72,,,"Source dataset's train split; the released checkpoint was trained on SEN12MS-CR, but this does not assert that this exact patch appeared in its training run.",training_source_spring_scene101_row72/cloudy_s2.tif,training_source_spring_scene101_row72/sar_s1_vv_vh.tif,training_source_spring_scene101_row72/clear_s2_reference.tif
training_source_spring_scene101_row73,train,spring,scene_101,p176,73,,,"Source dataset's train split; the released checkpoint was trained on SEN12MS-CR, but this does not assert that this exact patch appeared in its training run.",training_source_spring_scene101_row73/cloudy_s2.tif,training_source_spring_scene101_row73/sar_s1_vv_vh.tif,training_source_spring_scene101_row73/clear_s2_reference.tif
training_source_spring_scene101_row74,train,spring,scene_101,p177,74,,,"Source dataset's train split; the released checkpoint was trained on SEN12MS-CR, but this does not assert that this exact patch appeared in its training run.",training_source_spring_scene101_row74/cloudy_s2.tif,training_source_spring_scene101_row74/sar_s1_vv_vh.tif,training_source_spring_scene101_row74/clear_s2_reference.tif
training_source_spring_scene101_row75,train,spring,scene_101,p178,75,,,"Source dataset's train split; the released checkpoint was trained on SEN12MS-CR, but this does not assert that this exact patch appeared in its training run.",training_source_spring_scene101_row75/cloudy_s2.tif,training_source_spring_scene101_row75/sar_s1_vv_vh.tif,training_source_spring_scene101_row75/clear_s2_reference.tif
training_source_spring_scene101_row76,train,spring,scene_101,p179,76,,,"Source dataset's train split; the released checkpoint was trained on SEN12MS-CR, but this does not assert that this exact patch appeared in its training run.",training_source_spring_scene101_row76/cloudy_s2.tif,training_source_spring_scene101_row76/sar_s1_vv_vh.tif,training_source_spring_scene101_row76/clear_s2_reference.tif
training_source_spring_scene101_row77,train,spring,scene_101,p180,77,,,"Source dataset's train split; the released checkpoint was trained on SEN12MS-CR, but this does not assert that this exact patch appeared in its training run.",training_source_spring_scene101_row77/cloudy_s2.tif,training_source_spring_scene101_row77/sar_s1_vv_vh.tif,training_source_spring_scene101_row77/clear_s2_reference.tif
training_source_spring_scene101_row78,train,spring,scene_101,p181,78,,,"Source dataset's train split; the released checkpoint was trained on SEN12MS-CR, but this does not assert that this exact patch appeared in its training run.",training_source_spring_scene101_row78/cloudy_s2.tif,training_source_spring_scene101_row78/sar_s1_vv_vh.tif,training_source_spring_scene101_row78/clear_s2_reference.tif
training_source_spring_scene101_row79,train,spring,scene_101,p182,79,,,"Source dataset's train split; the released checkpoint was trained on SEN12MS-CR, but this does not assert that this exact patch appeared in its training run.",training_source_spring_scene101_row79/cloudy_s2.tif,training_source_spring_scene101_row79/sar_s1_vv_vh.tif,training_source_spring_scene101_row79/clear_s2_reference.tif
training_source_spring_scene101_row80,train,spring,scene_101,p183,80,,,"Source dataset's train split; the released checkpoint was trained on SEN12MS-CR, but this does not assert that this exact patch appeared in its training run.",training_source_spring_scene101_row80/cloudy_s2.tif,training_source_spring_scene101_row80/sar_s1_vv_vh.tif,training_source_spring_scene101_row80/clear_s2_reference.tif
training_source_spring_scene101_row81,train,spring,scene_101,p184,81,,,"Source dataset's train split; the released checkpoint was trained on SEN12MS-CR, but this does not assert that this exact patch appeared in its training run.",training_source_spring_scene101_row81/cloudy_s2.tif,training_source_spring_scene101_row81/sar_s1_vv_vh.tif,training_source_spring_scene101_row81/clear_s2_reference.tif
training_source_spring_scene101_row82,train,spring,scene_101,p185,82,,,"Source dataset's train split; the released checkpoint was trained on SEN12MS-CR, but this does not assert that this exact patch appeared in its training run.",training_source_spring_scene101_row82/cloudy_s2.tif,training_source_spring_scene101_row82/sar_s1_vv_vh.tif,training_source_spring_scene101_row82/clear_s2_reference.tif
training_source_spring_scene101_row83,train,spring,scene_101,p186,83,,,"Source dataset's train split; the released checkpoint was trained on SEN12MS-CR, but this does not assert that this exact patch appeared in its training run.",training_source_spring_scene101_row83/cloudy_s2.tif,training_source_spring_scene101_row83/sar_s1_vv_vh.tif,training_source_spring_scene101_row83/clear_s2_reference.tif
training_source_spring_scene101_row84,train,spring,scene_101,p187,84,,,"Source dataset's train split; the released checkpoint was trained on SEN12MS-CR, but this does not assert that this exact patch appeared in its training run.",training_source_spring_scene101_row84/cloudy_s2.tif,training_source_spring_scene101_row84/sar_s1_vv_vh.tif,training_source_spring_scene101_row84/clear_s2_reference.tif
training_source_spring_scene101_row85,train,spring,scene_101,p188,85,,,"Source dataset's train split; the released checkpoint was trained on SEN12MS-CR, but this does not assert that this exact patch appeared in its training run.",training_source_spring_scene101_row85/cloudy_s2.tif,training_source_spring_scene101_row85/sar_s1_vv_vh.tif,training_source_spring_scene101_row85/clear_s2_reference.tif
training_source_spring_scene101_row86,train,spring,scene_101,p189,86,,,"Source dataset's train split; the released checkpoint was trained on SEN12MS-CR, but this does not assert that this exact patch appeared in its training run.",training_source_spring_scene101_row86/cloudy_s2.tif,training_source_spring_scene101_row86/sar_s1_vv_vh.tif,training_source_spring_scene101_row86/clear_s2_reference.tif
training_source_spring_scene101_row87,train,spring,scene_101,p190,87,,,"Source dataset's train split; the released checkpoint was trained on SEN12MS-CR, but this does not assert that this exact patch appeared in its training run.",training_source_spring_scene101_row87/cloudy_s2.tif,training_source_spring_scene101_row87/sar_s1_vv_vh.tif,training_source_spring_scene101_row87/clear_s2_reference.tif
training_source_spring_scene101_row88,train,spring,scene_101,p191,88,,,"Source dataset's train split; the released checkpoint was trained on SEN12MS-CR, but this does not assert that this exact patch appeared in its training run.",training_source_spring_scene101_row88/cloudy_s2.tif,training_source_spring_scene101_row88/sar_s1_vv_vh.tif,training_source_spring_scene101_row88/clear_s2_reference.tif
training_source_spring_scene101_row89,train,spring,scene_101,p192,89,,,"Source dataset's train split; the released checkpoint was trained on SEN12MS-CR, but this does not assert that this exact patch appeared in its training run.",training_source_spring_scene101_row89/cloudy_s2.tif,training_source_spring_scene101_row89/sar_s1_vv_vh.tif,training_source_spring_scene101_row89/clear_s2_reference.tif
training_source_spring_scene101_row90,train,spring,scene_101,p193,90,,,"Source dataset's train split; the released checkpoint was trained on SEN12MS-CR, but this does not assert that this exact patch appeared in its training run.",training_source_spring_scene101_row90/cloudy_s2.tif,training_source_spring_scene101_row90/sar_s1_vv_vh.tif,training_source_spring_scene101_row90/clear_s2_reference.tif
training_source_spring_scene101_row91,train,spring,scene_101,p194,91,,,"Source dataset's train split; the released checkpoint was trained on SEN12MS-CR, but this does not assert that this exact patch appeared in its training run.",training_source_spring_scene101_row91/cloudy_s2.tif,training_source_spring_scene101_row91/sar_s1_vv_vh.tif,training_source_spring_scene101_row91/clear_s2_reference.tif
training_source_spring_scene101_row92,train,spring,scene_101,p195,92,,,"Source dataset's train split; the released checkpoint was trained on SEN12MS-CR, but this does not assert that this exact patch appeared in its training run.",training_source_spring_scene101_row92/cloudy_s2.tif,training_source_spring_scene101_row92/sar_s1_vv_vh.tif,training_source_spring_scene101_row92/clear_s2_reference.tif
training_source_spring_scene101_row93,train,spring,scene_101,p196,93,,,"Source dataset's train split; the released checkpoint was trained on SEN12MS-CR, but this does not assert that this exact patch appeared in its training run.",training_source_spring_scene101_row93/cloudy_s2.tif,training_source_spring_scene101_row93/sar_s1_vv_vh.tif,training_source_spring_scene101_row93/clear_s2_reference.tif
training_source_spring_scene101_row94,train,spring,scene_101,p197,94,,,"Source dataset's train split; the released checkpoint was trained on SEN12MS-CR, but this does not assert that this exact patch appeared in its training run.",training_source_spring_scene101_row94/cloudy_s2.tif,training_source_spring_scene101_row94/sar_s1_vv_vh.tif,training_source_spring_scene101_row94/clear_s2_reference.tif
training_source_spring_scene101_row95,train,spring,scene_101,p198,95,,,"Source dataset's train split; the released checkpoint was trained on SEN12MS-CR, but this does not assert that this exact patch appeared in its training run.",training_source_spring_scene101_row95/cloudy_s2.tif,training_source_spring_scene101_row95/sar_s1_vv_vh.tif,training_source_spring_scene101_row95/clear_s2_reference.tif
heldout_spring_scene31,test,spring,scene_31,p100,0,,,"Official source dataset test split, in a scene absent from its listed train scenes.",heldout_spring_scene31/cloudy_s2.tif,heldout_spring_scene31/sar_s1_vv_vh.tif,heldout_spring_scene31/clear_s2_reference.tif
heldout_spring_scene31_row1,test,spring,scene_31,p101,1,,,"Official source dataset test split, in a scene absent from its listed train scenes.",heldout_spring_scene31_row1/cloudy_s2.tif,heldout_spring_scene31_row1/sar_s1_vv_vh.tif,heldout_spring_scene31_row1/clear_s2_reference.tif
heldout_spring_scene31_row2,test,spring,scene_31,p102,2,,,"Official source dataset test split, in a scene absent from its listed train scenes.",heldout_spring_scene31_row2/cloudy_s2.tif,heldout_spring_scene31_row2/sar_s1_vv_vh.tif,heldout_spring_scene31_row2/clear_s2_reference.tif
heldout_spring_scene31_row3,test,spring,scene_31,p103,3,,,"Official source dataset test split, in a scene absent from its listed train scenes.",heldout_spring_scene31_row3/cloudy_s2.tif,heldout_spring_scene31_row3/sar_s1_vv_vh.tif,heldout_spring_scene31_row3/clear_s2_reference.tif
heldout_spring_scene31_row4,test,spring,scene_31,p104,4,,,"Official source dataset test split, in a scene absent from its listed train scenes.",heldout_spring_scene31_row4/cloudy_s2.tif,heldout_spring_scene31_row4/sar_s1_vv_vh.tif,heldout_spring_scene31_row4/clear_s2_reference.tif
heldout_spring_scene31_row5,test,spring,scene_31,p105,5,,,"Official source dataset test split, in a scene absent from its listed train scenes.",heldout_spring_scene31_row5/cloudy_s2.tif,heldout_spring_scene31_row5/sar_s1_vv_vh.tif,heldout_spring_scene31_row5/clear_s2_reference.tif
heldout_spring_scene31_row6,test,spring,scene_31,p106,6,,,"Official source dataset test split, in a scene absent from its listed train scenes.",heldout_spring_scene31_row6/cloudy_s2.tif,heldout_spring_scene31_row6/sar_s1_vv_vh.tif,heldout_spring_scene31_row6/clear_s2_reference.tif
heldout_spring_scene31_row7,test,spring,scene_31,p107,7,,,"Official source dataset test split, in a scene absent from its listed train scenes.",heldout_spring_scene31_row7/cloudy_s2.tif,heldout_spring_scene31_row7/sar_s1_vv_vh.tif,heldout_spring_scene31_row7/clear_s2_reference.tif
heldout_spring_scene31_row8,test,spring,scene_31,p108,8,,,"Official source dataset test split, in a scene absent from its listed train scenes.",heldout_spring_scene31_row8/cloudy_s2.tif,heldout_spring_scene31_row8/sar_s1_vv_vh.tif,heldout_spring_scene31_row8/clear_s2_reference.tif
heldout_spring_scene31_row9,test,spring,scene_31,p109,9,,,"Official source dataset test split, in a scene absent from its listed train scenes.",heldout_spring_scene31_row9/cloudy_s2.tif,heldout_spring_scene31_row9/sar_s1_vv_vh.tif,heldout_spring_scene31_row9/clear_s2_reference.tif
heldout_spring_scene31_row10,test,spring,scene_31,p110,10,,,"Official source dataset test split, in a scene absent from its listed train scenes.",heldout_spring_scene31_row10/cloudy_s2.tif,heldout_spring_scene31_row10/sar_s1_vv_vh.tif,heldout_spring_scene31_row10/clear_s2_reference.tif
heldout_spring_scene31_row11,test,spring,scene_31,p111,11,,,"Official source dataset test split, in a scene absent from its listed train scenes.",heldout_spring_scene31_row11/cloudy_s2.tif,heldout_spring_scene31_row11/sar_s1_vv_vh.tif,heldout_spring_scene31_row11/clear_s2_reference.tif
heldout_spring_scene31_row12,test,spring,scene_31,p112,12,,,"Official source dataset test split, in a scene absent from its listed train scenes.",heldout_spring_scene31_row12/cloudy_s2.tif,heldout_spring_scene31_row12/sar_s1_vv_vh.tif,heldout_spring_scene31_row12/clear_s2_reference.tif
heldout_spring_scene31_row13,test,spring,scene_31,p113,13,,,"Official source dataset test split, in a scene absent from its listed train scenes.",heldout_spring_scene31_row13/cloudy_s2.tif,heldout_spring_scene31_row13/sar_s1_vv_vh.tif,heldout_spring_scene31_row13/clear_s2_reference.tif
heldout_spring_scene31_row14,test,spring,scene_31,p114,14,,,"Official source dataset test split, in a scene absent from its listed train scenes.",heldout_spring_scene31_row14/cloudy_s2.tif,heldout_spring_scene31_row14/sar_s1_vv_vh.tif,heldout_spring_scene31_row14/clear_s2_reference.tif
heldout_spring_scene31_row15,test,spring,scene_31,p115,15,,,"Official source dataset test split, in a scene absent from its listed train scenes.",heldout_spring_scene31_row15/cloudy_s2.tif,heldout_spring_scene31_row15/sar_s1_vv_vh.tif,heldout_spring_scene31_row15/clear_s2_reference.tif
heldout_spring_scene31_row16,test,spring,scene_31,p117,16,,,"Official source dataset test split, in a scene absent from its listed train scenes.",heldout_spring_scene31_row16/cloudy_s2.tif,heldout_spring_scene31_row16/sar_s1_vv_vh.tif,heldout_spring_scene31_row16/clear_s2_reference.tif
heldout_spring_scene31_row17,test,spring,scene_31,p118,17,,,"Official source dataset test split, in a scene absent from its listed train scenes.",heldout_spring_scene31_row17/cloudy_s2.tif,heldout_spring_scene31_row17/sar_s1_vv_vh.tif,heldout_spring_scene31_row17/clear_s2_reference.tif
heldout_spring_scene31_row18,test,spring,scene_31,p119,18,,,"Official source dataset test split, in a scene absent from its listed train scenes.",heldout_spring_scene31_row18/cloudy_s2.tif,heldout_spring_scene31_row18/sar_s1_vv_vh.tif,heldout_spring_scene31_row18/clear_s2_reference.tif
heldout_spring_scene31_row19,test,spring,scene_31,p120,19,,,"Official source dataset test split, in a scene absent from its listed train scenes.",heldout_spring_scene31_row19/cloudy_s2.tif,heldout_spring_scene31_row19/sar_s1_vv_vh.tif,heldout_spring_scene31_row19/clear_s2_reference.tif
heldout_spring_scene31_row20,test,spring,scene_31,p121,20,,,"Official source dataset test split, in a scene absent from its listed train scenes.",heldout_spring_scene31_row20/cloudy_s2.tif,heldout_spring_scene31_row20/sar_s1_vv_vh.tif,heldout_spring_scene31_row20/clear_s2_reference.tif
heldout_spring_scene31_row21,test,spring,scene_31,p122,21,,,"Official source dataset test split, in a scene absent from its listed train scenes.",heldout_spring_scene31_row21/cloudy_s2.tif,heldout_spring_scene31_row21/sar_s1_vv_vh.tif,heldout_spring_scene31_row21/clear_s2_reference.tif
heldout_spring_scene31_row22,test,spring,scene_31,p123,22,,,"Official source dataset test split, in a scene absent from its listed train scenes.",heldout_spring_scene31_row22/cloudy_s2.tif,heldout_spring_scene31_row22/sar_s1_vv_vh.tif,heldout_spring_scene31_row22/clear_s2_reference.tif
heldout_spring_scene31_row23,test,spring,scene_31,p124,23,,,"Official source dataset test split, in a scene absent from its listed train scenes.",heldout_spring_scene31_row23/cloudy_s2.tif,heldout_spring_scene31_row23/sar_s1_vv_vh.tif,heldout_spring_scene31_row23/clear_s2_reference.tif
heldout_spring_scene31_row24,test,spring,scene_31,p125,24,,,"Official source dataset test split, in a scene absent from its listed train scenes.",heldout_spring_scene31_row24/cloudy_s2.tif,heldout_spring_scene31_row24/sar_s1_vv_vh.tif,heldout_spring_scene31_row24/clear_s2_reference.tif
heldout_spring_scene31_row25,test,spring,scene_31,p126,25,,,"Official source dataset test split, in a scene absent from its listed train scenes.",heldout_spring_scene31_row25/cloudy_s2.tif,heldout_spring_scene31_row25/sar_s1_vv_vh.tif,heldout_spring_scene31_row25/clear_s2_reference.tif
heldout_spring_scene31_row26,test,spring,scene_31,p127,26,,,"Official source dataset test split, in a scene absent from its listed train scenes.",heldout_spring_scene31_row26/cloudy_s2.tif,heldout_spring_scene31_row26/sar_s1_vv_vh.tif,heldout_spring_scene31_row26/clear_s2_reference.tif
heldout_spring_scene31_row27,test,spring,scene_31,p128,27,,,"Official source dataset test split, in a scene absent from its listed train scenes.",heldout_spring_scene31_row27/cloudy_s2.tif,heldout_spring_scene31_row27/sar_s1_vv_vh.tif,heldout_spring_scene31_row27/clear_s2_reference.tif
heldout_spring_scene31_row28,test,spring,scene_31,p129,28,,,"Official source dataset test split, in a scene absent from its listed train scenes.",heldout_spring_scene31_row28/cloudy_s2.tif,heldout_spring_scene31_row28/sar_s1_vv_vh.tif,heldout_spring_scene31_row28/clear_s2_reference.tif
heldout_spring_scene31_row29,test,spring,scene_31,p130,29,,,"Official source dataset test split, in a scene absent from its listed train scenes.",heldout_spring_scene31_row29/cloudy_s2.tif,heldout_spring_scene31_row29/sar_s1_vv_vh.tif,heldout_spring_scene31_row29/clear_s2_reference.tif
heldout_spring_scene31_row30,test,spring,scene_31,p131,30,,,"Official source dataset test split, in a scene absent from its listed train scenes.",heldout_spring_scene31_row30/cloudy_s2.tif,heldout_spring_scene31_row30/sar_s1_vv_vh.tif,heldout_spring_scene31_row30/clear_s2_reference.tif
heldout_spring_scene31_row31,test,spring,scene_31,p132,31,,,"Official source dataset test split, in a scene absent from its listed train scenes.",heldout_spring_scene31_row31/cloudy_s2.tif,heldout_spring_scene31_row31/sar_s1_vv_vh.tif,heldout_spring_scene31_row31/clear_s2_reference.tif
heldout_spring_scene31_row32,test,spring,scene_31,p133,32,,,"Official source dataset test split, in a scene absent from its listed train scenes.",heldout_spring_scene31_row32/cloudy_s2.tif,heldout_spring_scene31_row32/sar_s1_vv_vh.tif,heldout_spring_scene31_row32/clear_s2_reference.tif
heldout_spring_scene31_row33,test,spring,scene_31,p134,33,,,"Official source dataset test split, in a scene absent from its listed train scenes.",heldout_spring_scene31_row33/cloudy_s2.tif,heldout_spring_scene31_row33/sar_s1_vv_vh.tif,heldout_spring_scene31_row33/clear_s2_reference.tif
heldout_spring_scene31_row34,test,spring,scene_31,p135,34,,,"Official source dataset test split, in a scene absent from its listed train scenes.",heldout_spring_scene31_row34/cloudy_s2.tif,heldout_spring_scene31_row34/sar_s1_vv_vh.tif,heldout_spring_scene31_row34/clear_s2_reference.tif
heldout_spring_scene31_row35,test,spring,scene_31,p136,35,,,"Official source dataset test split, in a scene absent from its listed train scenes.",heldout_spring_scene31_row35/cloudy_s2.tif,heldout_spring_scene31_row35/sar_s1_vv_vh.tif,heldout_spring_scene31_row35/clear_s2_reference.tif
heldout_spring_scene31_row36,test,spring,scene_31,p137,36,,,"Official source dataset test split, in a scene absent from its listed train scenes.",heldout_spring_scene31_row36/cloudy_s2.tif,heldout_spring_scene31_row36/sar_s1_vv_vh.tif,heldout_spring_scene31_row36/clear_s2_reference.tif
heldout_spring_scene31_row37,test,spring,scene_31,p138,37,,,"Official source dataset test split, in a scene absent from its listed train scenes.",heldout_spring_scene31_row37/cloudy_s2.tif,heldout_spring_scene31_row37/sar_s1_vv_vh.tif,heldout_spring_scene31_row37/clear_s2_reference.tif
heldout_spring_scene31_row38,test,spring,scene_31,p139,38,,,"Official source dataset test split, in a scene absent from its listed train scenes.",heldout_spring_scene31_row38/cloudy_s2.tif,heldout_spring_scene31_row38/sar_s1_vv_vh.tif,heldout_spring_scene31_row38/clear_s2_reference.tif
heldout_spring_scene31_row39,test,spring,scene_31,p140,39,,,"Official source dataset test split, in a scene absent from its listed train scenes.",heldout_spring_scene31_row39/cloudy_s2.tif,heldout_spring_scene31_row39/sar_s1_vv_vh.tif,heldout_spring_scene31_row39/clear_s2_reference.tif
heldout_spring_scene31_row40,test,spring,scene_31,p141,40,,,"Official source dataset test split, in a scene absent from its listed train scenes.",heldout_spring_scene31_row40/cloudy_s2.tif,heldout_spring_scene31_row40/sar_s1_vv_vh.tif,heldout_spring_scene31_row40/clear_s2_reference.tif
heldout_spring_scene31_row41,test,spring,scene_31,p142,41,,,"Official source dataset test split, in a scene absent from its listed train scenes.",heldout_spring_scene31_row41/cloudy_s2.tif,heldout_spring_scene31_row41/sar_s1_vv_vh.tif,heldout_spring_scene31_row41/clear_s2_reference.tif
heldout_spring_scene31_row42,test,spring,scene_31,p143,42,,,"Official source dataset test split, in a scene absent from its listed train scenes.",heldout_spring_scene31_row42/cloudy_s2.tif,heldout_spring_scene31_row42/sar_s1_vv_vh.tif,heldout_spring_scene31_row42/clear_s2_reference.tif
heldout_spring_scene31_row43,test,spring,scene_31,p144,43,,,"Official source dataset test split, in a scene absent from its listed train scenes.",heldout_spring_scene31_row43/cloudy_s2.tif,heldout_spring_scene31_row43/sar_s1_vv_vh.tif,heldout_spring_scene31_row43/clear_s2_reference.tif
heldout_spring_scene31_row44,test,spring,scene_31,p146,44,,,"Official source dataset test split, in a scene absent from its listed train scenes.",heldout_spring_scene31_row44/cloudy_s2.tif,heldout_spring_scene31_row44/sar_s1_vv_vh.tif,heldout_spring_scene31_row44/clear_s2_reference.tif
heldout_spring_scene31_row45,test,spring,scene_31,p147,45,,,"Official source dataset test split, in a scene absent from its listed train scenes.",heldout_spring_scene31_row45/cloudy_s2.tif,heldout_spring_scene31_row45/sar_s1_vv_vh.tif,heldout_spring_scene31_row45/clear_s2_reference.tif
heldout_spring_scene31_row46,test,spring,scene_31,p148,46,,,"Official source dataset test split, in a scene absent from its listed train scenes.",heldout_spring_scene31_row46/cloudy_s2.tif,heldout_spring_scene31_row46/sar_s1_vv_vh.tif,heldout_spring_scene31_row46/clear_s2_reference.tif
heldout_spring_scene31_row47,test,spring,scene_31,p149,47,,,"Official source dataset test split, in a scene absent from its listed train scenes.",heldout_spring_scene31_row47/cloudy_s2.tif,heldout_spring_scene31_row47/sar_s1_vv_vh.tif,heldout_spring_scene31_row47/clear_s2_reference.tif
heldout_spring_scene31_row48,test,spring,scene_31,p150,48,,,"Official source dataset test split, in a scene absent from its listed train scenes.",heldout_spring_scene31_row48/cloudy_s2.tif,heldout_spring_scene31_row48/sar_s1_vv_vh.tif,heldout_spring_scene31_row48/clear_s2_reference.tif
heldout_spring_scene31_row49,test,spring,scene_31,p151,49,,,"Official source dataset test split, in a scene absent from its listed train scenes.",heldout_spring_scene31_row49/cloudy_s2.tif,heldout_spring_scene31_row49/sar_s1_vv_vh.tif,heldout_spring_scene31_row49/clear_s2_reference.tif
heldout_spring_scene31_row50,test,spring,scene_31,p152,50,,,"Official source dataset test split, in a scene absent from its listed train scenes.",heldout_spring_scene31_row50/cloudy_s2.tif,heldout_spring_scene31_row50/sar_s1_vv_vh.tif,heldout_spring_scene31_row50/clear_s2_reference.tif
heldout_spring_scene31_row51,test,spring,scene_31,p153,51,,,"Official source dataset test split, in a scene absent from its listed train scenes.",heldout_spring_scene31_row51/cloudy_s2.tif,heldout_spring_scene31_row51/sar_s1_vv_vh.tif,heldout_spring_scene31_row51/clear_s2_reference.tif
heldout_spring_scene31_row52,test,spring,scene_31,p154,52,,,"Official source dataset test split, in a scene absent from its listed train scenes.",heldout_spring_scene31_row52/cloudy_s2.tif,heldout_spring_scene31_row52/sar_s1_vv_vh.tif,heldout_spring_scene31_row52/clear_s2_reference.tif
heldout_spring_scene31_row53,test,spring,scene_31,p155,53,,,"Official source dataset test split, in a scene absent from its listed train scenes.",heldout_spring_scene31_row53/cloudy_s2.tif,heldout_spring_scene31_row53/sar_s1_vv_vh.tif,heldout_spring_scene31_row53/clear_s2_reference.tif
heldout_spring_scene31_row54,test,spring,scene_31,p156,54,,,"Official source dataset test split, in a scene absent from its listed train scenes.",heldout_spring_scene31_row54/cloudy_s2.tif,heldout_spring_scene31_row54/sar_s1_vv_vh.tif,heldout_spring_scene31_row54/clear_s2_reference.tif
heldout_spring_scene31_row55,test,spring,scene_31,p157,55,,,"Official source dataset test split, in a scene absent from its listed train scenes.",heldout_spring_scene31_row55/cloudy_s2.tif,heldout_spring_scene31_row55/sar_s1_vv_vh.tif,heldout_spring_scene31_row55/clear_s2_reference.tif
heldout_spring_scene31_row56,test,spring,scene_31,p158,56,,,"Official source dataset test split, in a scene absent from its listed train scenes.",heldout_spring_scene31_row56/cloudy_s2.tif,heldout_spring_scene31_row56/sar_s1_vv_vh.tif,heldout_spring_scene31_row56/clear_s2_reference.tif
heldout_spring_scene31_row57,test,spring,scene_31,p159,57,,,"Official source dataset test split, in a scene absent from its listed train scenes.",heldout_spring_scene31_row57/cloudy_s2.tif,heldout_spring_scene31_row57/sar_s1_vv_vh.tif,heldout_spring_scene31_row57/clear_s2_reference.tif
heldout_spring_scene31_row58,test,spring,scene_31,p160,58,,,"Official source dataset test split, in a scene absent from its listed train scenes.",heldout_spring_scene31_row58/cloudy_s2.tif,heldout_spring_scene31_row58/sar_s1_vv_vh.tif,heldout_spring_scene31_row58/clear_s2_reference.tif
heldout_spring_scene31_row59,test,spring,scene_31,p161,59,,,"Official source dataset test split, in a scene absent from its listed train scenes.",heldout_spring_scene31_row59/cloudy_s2.tif,heldout_spring_scene31_row59/sar_s1_vv_vh.tif,heldout_spring_scene31_row59/clear_s2_reference.tif
heldout_spring_scene31_row60,test,spring,scene_31,p162,60,,,"Official source dataset test split, in a scene absent from its listed train scenes.",heldout_spring_scene31_row60/cloudy_s2.tif,heldout_spring_scene31_row60/sar_s1_vv_vh.tif,heldout_spring_scene31_row60/clear_s2_reference.tif
heldout_spring_scene31_row61,test,spring,scene_31,p163,61,,,"Official source dataset test split, in a scene absent from its listed train scenes.",heldout_spring_scene31_row61/cloudy_s2.tif,heldout_spring_scene31_row61/sar_s1_vv_vh.tif,heldout_spring_scene31_row61/clear_s2_reference.tif
heldout_spring_scene31_row62,test,spring,scene_31,p164,62,,,"Official source dataset test split, in a scene absent from its listed train scenes.",heldout_spring_scene31_row62/cloudy_s2.tif,heldout_spring_scene31_row62/sar_s1_vv_vh.tif,heldout_spring_scene31_row62/clear_s2_reference.tif
heldout_spring_scene31_row63,test,spring,scene_31,p165,63,,,"Official source dataset test split, in a scene absent from its listed train scenes.",heldout_spring_scene31_row63/cloudy_s2.tif,heldout_spring_scene31_row63/sar_s1_vv_vh.tif,heldout_spring_scene31_row63/clear_s2_reference.tif
heldout_spring_scene31_row64,test,spring,scene_31,p166,64,,,"Official source dataset test split, in a scene absent from its listed train scenes.",heldout_spring_scene31_row64/cloudy_s2.tif,heldout_spring_scene31_row64/sar_s1_vv_vh.tif,heldout_spring_scene31_row64/clear_s2_reference.tif
heldout_spring_scene31_row65,test,spring,scene_31,p167,65,,,"Official source dataset test split, in a scene absent from its listed train scenes.",heldout_spring_scene31_row65/cloudy_s2.tif,heldout_spring_scene31_row65/sar_s1_vv_vh.tif,heldout_spring_scene31_row65/clear_s2_reference.tif
heldout_spring_scene31_row66,test,spring,scene_31,p168,66,,,"Official source dataset test split, in a scene absent from its listed train scenes.",heldout_spring_scene31_row66/cloudy_s2.tif,heldout_spring_scene31_row66/sar_s1_vv_vh.tif,heldout_spring_scene31_row66/clear_s2_reference.tif
heldout_spring_scene31_row67,test,spring,scene_31,p169,67,,,"Official source dataset test split, in a scene absent from its listed train scenes.",heldout_spring_scene31_row67/cloudy_s2.tif,heldout_spring_scene31_row67/sar_s1_vv_vh.tif,heldout_spring_scene31_row67/clear_s2_reference.tif
heldout_spring_scene31_row68,test,spring,scene_31,p170,68,,,"Official source dataset test split, in a scene absent from its listed train scenes.",heldout_spring_scene31_row68/cloudy_s2.tif,heldout_spring_scene31_row68/sar_s1_vv_vh.tif,heldout_spring_scene31_row68/clear_s2_reference.tif
heldout_spring_scene31_row69,test,spring,scene_31,p171,69,,,"Official source dataset test split, in a scene absent from its listed train scenes.",heldout_spring_scene31_row69/cloudy_s2.tif,heldout_spring_scene31_row69/sar_s1_vv_vh.tif,heldout_spring_scene31_row69/clear_s2_reference.tif
heldout_spring_scene31_row70,test,spring,scene_31,p172,70,,,"Official source dataset test split, in a scene absent from its listed train scenes.",heldout_spring_scene31_row70/cloudy_s2.tif,heldout_spring_scene31_row70/sar_s1_vv_vh.tif,heldout_spring_scene31_row70/clear_s2_reference.tif
heldout_spring_scene31_row71,test,spring,scene_31,p173,71,,,"Official source dataset test split, in a scene absent from its listed train scenes.",heldout_spring_scene31_row71/cloudy_s2.tif,heldout_spring_scene31_row71/sar_s1_vv_vh.tif,heldout_spring_scene31_row71/clear_s2_reference.tif
heldout_spring_scene31_row72,test,spring,scene_31,p175,72,,,"Official source dataset test split, in a scene absent from its listed train scenes.",heldout_spring_scene31_row72/cloudy_s2.tif,heldout_spring_scene31_row72/sar_s1_vv_vh.tif,heldout_spring_scene31_row72/clear_s2_reference.tif
heldout_spring_scene31_row73,test,spring,scene_31,p176,73,,,"Official source dataset test split, in a scene absent from its listed train scenes.",heldout_spring_scene31_row73/cloudy_s2.tif,heldout_spring_scene31_row73/sar_s1_vv_vh.tif,heldout_spring_scene31_row73/clear_s2_reference.tif
heldout_spring_scene31_row74,test,spring,scene_31,p177,74,,,"Official source dataset test split, in a scene absent from its listed train scenes.",heldout_spring_scene31_row74/cloudy_s2.tif,heldout_spring_scene31_row74/sar_s1_vv_vh.tif,heldout_spring_scene31_row74/clear_s2_reference.tif
heldout_spring_scene31_row75,test,spring,scene_31,p178,75,,,"Official source dataset test split, in a scene absent from its listed train scenes.",heldout_spring_scene31_row75/cloudy_s2.tif,heldout_spring_scene31_row75/sar_s1_vv_vh.tif,heldout_spring_scene31_row75/clear_s2_reference.tif
heldout_spring_scene31_row76,test,spring,scene_31,p179,76,,,"Official source dataset test split, in a scene absent from its listed train scenes.",heldout_spring_scene31_row76/cloudy_s2.tif,heldout_spring_scene31_row76/sar_s1_vv_vh.tif,heldout_spring_scene31_row76/clear_s2_reference.tif
heldout_spring_scene31_row77,test,spring,scene_31,p180,77,,,"Official source dataset test split, in a scene absent from its listed train scenes.",heldout_spring_scene31_row77/cloudy_s2.tif,heldout_spring_scene31_row77/sar_s1_vv_vh.tif,heldout_spring_scene31_row77/clear_s2_reference.tif
heldout_spring_scene31_row78,test,spring,scene_31,p181,78,,,"Official source dataset test split, in a scene absent from its listed train scenes.",heldout_spring_scene31_row78/cloudy_s2.tif,heldout_spring_scene31_row78/sar_s1_vv_vh.tif,heldout_spring_scene31_row78/clear_s2_reference.tif
heldout_spring_scene31_row79,test,spring,scene_31,p182,79,,,"Official source dataset test split, in a scene absent from its listed train scenes.",heldout_spring_scene31_row79/cloudy_s2.tif,heldout_spring_scene31_row79/sar_s1_vv_vh.tif,heldout_spring_scene31_row79/clear_s2_reference.tif
heldout_spring_scene31_row80,test,spring,scene_31,p183,80,,,"Official source dataset test split, in a scene absent from its listed train scenes.",heldout_spring_scene31_row80/cloudy_s2.tif,heldout_spring_scene31_row80/sar_s1_vv_vh.tif,heldout_spring_scene31_row80/clear_s2_reference.tif
heldout_spring_scene31_row81,test,spring,scene_31,p184,81,,,"Official source dataset test split, in a scene absent from its listed train scenes.",heldout_spring_scene31_row81/cloudy_s2.tif,heldout_spring_scene31_row81/sar_s1_vv_vh.tif,heldout_spring_scene31_row81/clear_s2_reference.tif
heldout_spring_scene31_row82,test,spring,scene_31,p185,82,,,"Official source dataset test split, in a scene absent from its listed train scenes.",heldout_spring_scene31_row82/cloudy_s2.tif,heldout_spring_scene31_row82/sar_s1_vv_vh.tif,heldout_spring_scene31_row82/clear_s2_reference.tif
heldout_spring_scene31_row83,test,spring,scene_31,p186,83,,,"Official source dataset test split, in a scene absent from its listed train scenes.",heldout_spring_scene31_row83/cloudy_s2.tif,heldout_spring_scene31_row83/sar_s1_vv_vh.tif,heldout_spring_scene31_row83/clear_s2_reference.tif
heldout_spring_scene31_row84,test,spring,scene_31,p187,84,,,"Official source dataset test split, in a scene absent from its listed train scenes.",heldout_spring_scene31_row84/cloudy_s2.tif,heldout_spring_scene31_row84/sar_s1_vv_vh.tif,heldout_spring_scene31_row84/clear_s2_reference.tif
heldout_spring_scene31_row85,test,spring,scene_31,p188,85,,,"Official source dataset test split, in a scene absent from its listed train scenes.",heldout_spring_scene31_row85/cloudy_s2.tif,heldout_spring_scene31_row85/sar_s1_vv_vh.tif,heldout_spring_scene31_row85/clear_s2_reference.tif
heldout_spring_scene31_row86,test,spring,scene_31,p189,86,,,"Official source dataset test split, in a scene absent from its listed train scenes.",heldout_spring_scene31_row86/cloudy_s2.tif,heldout_spring_scene31_row86/sar_s1_vv_vh.tif,heldout_spring_scene31_row86/clear_s2_reference.tif
heldout_spring_scene31_row87,test,spring,scene_31,p190,87,,,"Official source dataset test split, in a scene absent from its listed train scenes.",heldout_spring_scene31_row87/cloudy_s2.tif,heldout_spring_scene31_row87/sar_s1_vv_vh.tif,heldout_spring_scene31_row87/clear_s2_reference.tif
heldout_spring_scene31_row88,test,spring,scene_31,p191,88,,,"Official source dataset test split, in a scene absent from its listed train scenes.",heldout_spring_scene31_row88/cloudy_s2.tif,heldout_spring_scene31_row88/sar_s1_vv_vh.tif,heldout_spring_scene31_row88/clear_s2_reference.tif
heldout_spring_scene31_row89,test,spring,scene_31,p192,89,,,"Official source dataset test split, in a scene absent from its listed train scenes.",heldout_spring_scene31_row89/cloudy_s2.tif,heldout_spring_scene31_row89/sar_s1_vv_vh.tif,heldout_spring_scene31_row89/clear_s2_reference.tif
heldout_spring_scene31_row90,test,spring,scene_31,p193,90,,,"Official source dataset test split, in a scene absent from its listed train scenes.",heldout_spring_scene31_row90/cloudy_s2.tif,heldout_spring_scene31_row90/sar_s1_vv_vh.tif,heldout_spring_scene31_row90/clear_s2_reference.tif
heldout_spring_scene31_row91,test,spring,scene_31,p194,91,,,"Official source dataset test split, in a scene absent from its listed train scenes.",heldout_spring_scene31_row91/cloudy_s2.tif,heldout_spring_scene31_row91/sar_s1_vv_vh.tif,heldout_spring_scene31_row91/clear_s2_reference.tif
heldout_spring_scene31_row92,test,spring,scene_31,p195,92,,,"Official source dataset test split, in a scene absent from its listed train scenes.",heldout_spring_scene31_row92/cloudy_s2.tif,heldout_spring_scene31_row92/sar_s1_vv_vh.tif,heldout_spring_scene31_row92/clear_s2_reference.tif
heldout_spring_scene31_row93,test,spring,scene_31,p196,93,,,"Official source dataset test split, in a scene absent from its listed train scenes.",heldout_spring_scene31_row93/cloudy_s2.tif,heldout_spring_scene31_row93/sar_s1_vv_vh.tif,heldout_spring_scene31_row93/clear_s2_reference.tif
heldout_spring_scene31_row94,test,spring,scene_31,p197,94,,,"Official source dataset test split, in a scene absent from its listed train scenes.",heldout_spring_scene31_row94/cloudy_s2.tif,heldout_spring_scene31_row94/sar_s1_vv_vh.tif,heldout_spring_scene31_row94/clear_s2_reference.tif
heldout_spring_scene31_row95,test,spring,scene_31,p198,95,,,"Official source dataset test split, in a scene absent from its listed train scenes.",heldout_spring_scene31_row95/cloudy_s2.tif,heldout_spring_scene31_row95/sar_s1_vv_vh.tif,heldout_spring_scene31_row95/clear_s2_reference.tif
heldout_spring_scene44,test,spring,scene_44,p100,0,,,"Official source dataset test split, in a scene absent from its listed train scenes.",heldout_spring_scene44/cloudy_s2.tif,heldout_spring_scene44/sar_s1_vv_vh.tif,heldout_spring_scene44/clear_s2_reference.tif
heldout_spring_scene44_row1,test,spring,scene_44,p101,1,,,"Official source dataset test split, in a scene absent from its listed train scenes.",heldout_spring_scene44_row1/cloudy_s2.tif,heldout_spring_scene44_row1/sar_s1_vv_vh.tif,heldout_spring_scene44_row1/clear_s2_reference.tif
heldout_spring_scene44_row2,test,spring,scene_44,p102,2,,,"Official source dataset test split, in a scene absent from its listed train scenes.",heldout_spring_scene44_row2/cloudy_s2.tif,heldout_spring_scene44_row2/sar_s1_vv_vh.tif,heldout_spring_scene44_row2/clear_s2_reference.tif
heldout_spring_scene44_row3,test,spring,scene_44,p103,3,,,"Official source dataset test split, in a scene absent from its listed train scenes.",heldout_spring_scene44_row3/cloudy_s2.tif,heldout_spring_scene44_row3/sar_s1_vv_vh.tif,heldout_spring_scene44_row3/clear_s2_reference.tif
heldout_spring_scene44_row4,test,spring,scene_44,p104,4,,,"Official source dataset test split, in a scene absent from its listed train scenes.",heldout_spring_scene44_row4/cloudy_s2.tif,heldout_spring_scene44_row4/sar_s1_vv_vh.tif,heldout_spring_scene44_row4/clear_s2_reference.tif
heldout_spring_scene44_row5,test,spring,scene_44,p105,5,,,"Official source dataset test split, in a scene absent from its listed train scenes.",heldout_spring_scene44_row5/cloudy_s2.tif,heldout_spring_scene44_row5/sar_s1_vv_vh.tif,heldout_spring_scene44_row5/clear_s2_reference.tif
heldout_spring_scene44_row6,test,spring,scene_44,p106,6,,,"Official source dataset test split, in a scene absent from its listed train scenes.",heldout_spring_scene44_row6/cloudy_s2.tif,heldout_spring_scene44_row6/sar_s1_vv_vh.tif,heldout_spring_scene44_row6/clear_s2_reference.tif
heldout_spring_scene44_row7,test,spring,scene_44,p107,7,,,"Official source dataset test split, in a scene absent from its listed train scenes.",heldout_spring_scene44_row7/cloudy_s2.tif,heldout_spring_scene44_row7/sar_s1_vv_vh.tif,heldout_spring_scene44_row7/clear_s2_reference.tif
heldout_spring_scene44_row8,test,spring,scene_44,p108,8,,,"Official source dataset test split, in a scene absent from its listed train scenes.",heldout_spring_scene44_row8/cloudy_s2.tif,heldout_spring_scene44_row8/sar_s1_vv_vh.tif,heldout_spring_scene44_row8/clear_s2_reference.tif
heldout_spring_scene44_row9,test,spring,scene_44,p109,9,,,"Official source dataset test split, in a scene absent from its listed train scenes.",heldout_spring_scene44_row9/cloudy_s2.tif,heldout_spring_scene44_row9/sar_s1_vv_vh.tif,heldout_spring_scene44_row9/clear_s2_reference.tif
heldout_spring_scene44_row10,test,spring,scene_44,p110,10,,,"Official source dataset test split, in a scene absent from its listed train scenes.",heldout_spring_scene44_row10/cloudy_s2.tif,heldout_spring_scene44_row10/sar_s1_vv_vh.tif,heldout_spring_scene44_row10/clear_s2_reference.tif
heldout_spring_scene44_row11,test,spring,scene_44,p111,11,,,"Official source dataset test split, in a scene absent from its listed train scenes.",heldout_spring_scene44_row11/cloudy_s2.tif,heldout_spring_scene44_row11/sar_s1_vv_vh.tif,heldout_spring_scene44_row11/clear_s2_reference.tif
heldout_spring_scene44_row12,test,spring,scene_44,p112,12,,,"Official source dataset test split, in a scene absent from its listed train scenes.",heldout_spring_scene44_row12/cloudy_s2.tif,heldout_spring_scene44_row12/sar_s1_vv_vh.tif,heldout_spring_scene44_row12/clear_s2_reference.tif
heldout_spring_scene44_row13,test,spring,scene_44,p113,13,,,"Official source dataset test split, in a scene absent from its listed train scenes.",heldout_spring_scene44_row13/cloudy_s2.tif,heldout_spring_scene44_row13/sar_s1_vv_vh.tif,heldout_spring_scene44_row13/clear_s2_reference.tif
heldout_spring_scene44_row14,test,spring,scene_44,p114,14,,,"Official source dataset test split, in a scene absent from its listed train scenes.",heldout_spring_scene44_row14/cloudy_s2.tif,heldout_spring_scene44_row14/sar_s1_vv_vh.tif,heldout_spring_scene44_row14/clear_s2_reference.tif
heldout_spring_scene44_row15,test,spring,scene_44,p115,15,,,"Official source dataset test split, in a scene absent from its listed train scenes.",heldout_spring_scene44_row15/cloudy_s2.tif,heldout_spring_scene44_row15/sar_s1_vv_vh.tif,heldout_spring_scene44_row15/clear_s2_reference.tif
heldout_spring_scene44_row16,test,spring,scene_44,p117,16,,,"Official source dataset test split, in a scene absent from its listed train scenes.",heldout_spring_scene44_row16/cloudy_s2.tif,heldout_spring_scene44_row16/sar_s1_vv_vh.tif,heldout_spring_scene44_row16/clear_s2_reference.tif
heldout_spring_scene44_row17,test,spring,scene_44,p118,17,,,"Official source dataset test split, in a scene absent from its listed train scenes.",heldout_spring_scene44_row17/cloudy_s2.tif,heldout_spring_scene44_row17/sar_s1_vv_vh.tif,heldout_spring_scene44_row17/clear_s2_reference.tif
heldout_spring_scene44_row18,test,spring,scene_44,p119,18,,,"Official source dataset test split, in a scene absent from its listed train scenes.",heldout_spring_scene44_row18/cloudy_s2.tif,heldout_spring_scene44_row18/sar_s1_vv_vh.tif,heldout_spring_scene44_row18/clear_s2_reference.tif
heldout_spring_scene44_row19,test,spring,scene_44,p120,19,,,"Official source dataset test split, in a scene absent from its listed train scenes.",heldout_spring_scene44_row19/cloudy_s2.tif,heldout_spring_scene44_row19/sar_s1_vv_vh.tif,heldout_spring_scene44_row19/clear_s2_reference.tif
heldout_spring_scene44_row20,test,spring,scene_44,p121,20,,,"Official source dataset test split, in a scene absent from its listed train scenes.",heldout_spring_scene44_row20/cloudy_s2.tif,heldout_spring_scene44_row20/sar_s1_vv_vh.tif,heldout_spring_scene44_row20/clear_s2_reference.tif
heldout_spring_scene44_row21,test,spring,scene_44,p122,21,,,"Official source dataset test split, in a scene absent from its listed train scenes.",heldout_spring_scene44_row21/cloudy_s2.tif,heldout_spring_scene44_row21/sar_s1_vv_vh.tif,heldout_spring_scene44_row21/clear_s2_reference.tif
heldout_spring_scene44_row22,test,spring,scene_44,p123,22,,,"Official source dataset test split, in a scene absent from its listed train scenes.",heldout_spring_scene44_row22/cloudy_s2.tif,heldout_spring_scene44_row22/sar_s1_vv_vh.tif,heldout_spring_scene44_row22/clear_s2_reference.tif
heldout_spring_scene44_row23,test,spring,scene_44,p124,23,,,"Official source dataset test split, in a scene absent from its listed train scenes.",heldout_spring_scene44_row23/cloudy_s2.tif,heldout_spring_scene44_row23/sar_s1_vv_vh.tif,heldout_spring_scene44_row23/clear_s2_reference.tif
heldout_spring_scene44_row24,test,spring,scene_44,p125,24,,,"Official source dataset test split, in a scene absent from its listed train scenes.",heldout_spring_scene44_row24/cloudy_s2.tif,heldout_spring_scene44_row24/sar_s1_vv_vh.tif,heldout_spring_scene44_row24/clear_s2_reference.tif
heldout_spring_scene44_row25,test,spring,scene_44,p126,25,,,"Official source dataset test split, in a scene absent from its listed train scenes.",heldout_spring_scene44_row25/cloudy_s2.tif,heldout_spring_scene44_row25/sar_s1_vv_vh.tif,heldout_spring_scene44_row25/clear_s2_reference.tif
heldout_spring_scene44_row26,test,spring,scene_44,p127,26,,,"Official source dataset test split, in a scene absent from its listed train scenes.",heldout_spring_scene44_row26/cloudy_s2.tif,heldout_spring_scene44_row26/sar_s1_vv_vh.tif,heldout_spring_scene44_row26/clear_s2_reference.tif
heldout_spring_scene44_row27,test,spring,scene_44,p128,27,,,"Official source dataset test split, in a scene absent from its listed train scenes.",heldout_spring_scene44_row27/cloudy_s2.tif,heldout_spring_scene44_row27/sar_s1_vv_vh.tif,heldout_spring_scene44_row27/clear_s2_reference.tif
heldout_spring_scene44_row28,test,spring,scene_44,p129,28,,,"Official source dataset test split, in a scene absent from its listed train scenes.",heldout_spring_scene44_row28/cloudy_s2.tif,heldout_spring_scene44_row28/sar_s1_vv_vh.tif,heldout_spring_scene44_row28/clear_s2_reference.tif
heldout_spring_scene44_row29,test,spring,scene_44,p130,29,,,"Official source dataset test split, in a scene absent from its listed train scenes.",heldout_spring_scene44_row29/cloudy_s2.tif,heldout_spring_scene44_row29/sar_s1_vv_vh.tif,heldout_spring_scene44_row29/clear_s2_reference.tif
heldout_spring_scene44_row30,test,spring,scene_44,p131,30,,,"Official source dataset test split, in a scene absent from its listed train scenes.",heldout_spring_scene44_row30/cloudy_s2.tif,heldout_spring_scene44_row30/sar_s1_vv_vh.tif,heldout_spring_scene44_row30/clear_s2_reference.tif
heldout_spring_scene44_row31,test,spring,scene_44,p132,31,,,"Official source dataset test split, in a scene absent from its listed train scenes.",heldout_spring_scene44_row31/cloudy_s2.tif,heldout_spring_scene44_row31/sar_s1_vv_vh.tif,heldout_spring_scene44_row31/clear_s2_reference.tif
heldout_spring_scene44_row32,test,spring,scene_44,p133,32,,,"Official source dataset test split, in a scene absent from its listed train scenes.",heldout_spring_scene44_row32/cloudy_s2.tif,heldout_spring_scene44_row32/sar_s1_vv_vh.tif,heldout_spring_scene44_row32/clear_s2_reference.tif
heldout_spring_scene44_row33,test,spring,scene_44,p134,33,,,"Official source dataset test split, in a scene absent from its listed train scenes.",heldout_spring_scene44_row33/cloudy_s2.tif,heldout_spring_scene44_row33/sar_s1_vv_vh.tif,heldout_spring_scene44_row33/clear_s2_reference.tif
heldout_spring_scene44_row34,test,spring,scene_44,p135,34,,,"Official source dataset test split, in a scene absent from its listed train scenes.",heldout_spring_scene44_row34/cloudy_s2.tif,heldout_spring_scene44_row34/sar_s1_vv_vh.tif,heldout_spring_scene44_row34/clear_s2_reference.tif
heldout_spring_scene44_row35,test,spring,scene_44,p136,35,,,"Official source dataset test split, in a scene absent from its listed train scenes.",heldout_spring_scene44_row35/cloudy_s2.tif,heldout_spring_scene44_row35/sar_s1_vv_vh.tif,heldout_spring_scene44_row35/clear_s2_reference.tif
heldout_spring_scene44_row36,test,spring,scene_44,p137,36,,,"Official source dataset test split, in a scene absent from its listed train scenes.",heldout_spring_scene44_row36/cloudy_s2.tif,heldout_spring_scene44_row36/sar_s1_vv_vh.tif,heldout_spring_scene44_row36/clear_s2_reference.tif
heldout_spring_scene44_row37,test,spring,scene_44,p138,37,,,"Official source dataset test split, in a scene absent from its listed train scenes.",heldout_spring_scene44_row37/cloudy_s2.tif,heldout_spring_scene44_row37/sar_s1_vv_vh.tif,heldout_spring_scene44_row37/clear_s2_reference.tif
heldout_spring_scene44_row38,test,spring,scene_44,p139,38,,,"Official source dataset test split, in a scene absent from its listed train scenes.",heldout_spring_scene44_row38/cloudy_s2.tif,heldout_spring_scene44_row38/sar_s1_vv_vh.tif,heldout_spring_scene44_row38/clear_s2_reference.tif
heldout_spring_scene44_row39,test,spring,scene_44,p140,39,,,"Official source dataset test split, in a scene absent from its listed train scenes.",heldout_spring_scene44_row39/cloudy_s2.tif,heldout_spring_scene44_row39/sar_s1_vv_vh.tif,heldout_spring_scene44_row39/clear_s2_reference.tif
heldout_spring_scene44_row40,test,spring,scene_44,p141,40,,,"Official source dataset test split, in a scene absent from its listed train scenes.",heldout_spring_scene44_row40/cloudy_s2.tif,heldout_spring_scene44_row40/sar_s1_vv_vh.tif,heldout_spring_scene44_row40/clear_s2_reference.tif
heldout_spring_scene44_row41,test,spring,scene_44,p142,41,,,"Official source dataset test split, in a scene absent from its listed train scenes.",heldout_spring_scene44_row41/cloudy_s2.tif,heldout_spring_scene44_row41/sar_s1_vv_vh.tif,heldout_spring_scene44_row41/clear_s2_reference.tif
heldout_spring_scene44_row42,test,spring,scene_44,p143,42,,,"Official source dataset test split, in a scene absent from its listed train scenes.",heldout_spring_scene44_row42/cloudy_s2.tif,heldout_spring_scene44_row42/sar_s1_vv_vh.tif,heldout_spring_scene44_row42/clear_s2_reference.tif
heldout_spring_scene44_row43,test,spring,scene_44,p144,43,,,"Official source dataset test split, in a scene absent from its listed train scenes.",heldout_spring_scene44_row43/cloudy_s2.tif,heldout_spring_scene44_row43/sar_s1_vv_vh.tif,heldout_spring_scene44_row43/clear_s2_reference.tif
heldout_spring_scene44_row44,test,spring,scene_44,p146,44,,,"Official source dataset test split, in a scene absent from its listed train scenes.",heldout_spring_scene44_row44/cloudy_s2.tif,heldout_spring_scene44_row44/sar_s1_vv_vh.tif,heldout_spring_scene44_row44/clear_s2_reference.tif
heldout_spring_scene44_row45,test,spring,scene_44,p147,45,,,"Official source dataset test split, in a scene absent from its listed train scenes.",heldout_spring_scene44_row45/cloudy_s2.tif,heldout_spring_scene44_row45/sar_s1_vv_vh.tif,heldout_spring_scene44_row45/clear_s2_reference.tif
heldout_spring_scene44_row46,test,spring,scene_44,p148,46,,,"Official source dataset test split, in a scene absent from its listed train scenes.",heldout_spring_scene44_row46/cloudy_s2.tif,heldout_spring_scene44_row46/sar_s1_vv_vh.tif,heldout_spring_scene44_row46/clear_s2_reference.tif
heldout_spring_scene44_row47,test,spring,scene_44,p149,47,,,"Official source dataset test split, in a scene absent from its listed train scenes.",heldout_spring_scene44_row47/cloudy_s2.tif,heldout_spring_scene44_row47/sar_s1_vv_vh.tif,heldout_spring_scene44_row47/clear_s2_reference.tif
heldout_spring_scene44_row48,test,spring,scene_44,p150,48,,,"Official source dataset test split, in a scene absent from its listed train scenes.",heldout_spring_scene44_row48/cloudy_s2.tif,heldout_spring_scene44_row48/sar_s1_vv_vh.tif,heldout_spring_scene44_row48/clear_s2_reference.tif
heldout_spring_scene44_row49,test,spring,scene_44,p151,49,,,"Official source dataset test split, in a scene absent from its listed train scenes.",heldout_spring_scene44_row49/cloudy_s2.tif,heldout_spring_scene44_row49/sar_s1_vv_vh.tif,heldout_spring_scene44_row49/clear_s2_reference.tif
heldout_spring_scene44_row50,test,spring,scene_44,p152,50,,,"Official source dataset test split, in a scene absent from its listed train scenes.",heldout_spring_scene44_row50/cloudy_s2.tif,heldout_spring_scene44_row50/sar_s1_vv_vh.tif,heldout_spring_scene44_row50/clear_s2_reference.tif
heldout_spring_scene44_row51,test,spring,scene_44,p153,51,,,"Official source dataset test split, in a scene absent from its listed train scenes.",heldout_spring_scene44_row51/cloudy_s2.tif,heldout_spring_scene44_row51/sar_s1_vv_vh.tif,heldout_spring_scene44_row51/clear_s2_reference.tif
heldout_spring_scene44_row52,test,spring,scene_44,p154,52,,,"Official source dataset test split, in a scene absent from its listed train scenes.",heldout_spring_scene44_row52/cloudy_s2.tif,heldout_spring_scene44_row52/sar_s1_vv_vh.tif,heldout_spring_scene44_row52/clear_s2_reference.tif
heldout_spring_scene44_row53,test,spring,scene_44,p155,53,,,"Official source dataset test split, in a scene absent from its listed train scenes.",heldout_spring_scene44_row53/cloudy_s2.tif,heldout_spring_scene44_row53/sar_s1_vv_vh.tif,heldout_spring_scene44_row53/clear_s2_reference.tif
heldout_spring_scene44_row54,test,spring,scene_44,p156,54,,,"Official source dataset test split, in a scene absent from its listed train scenes.",heldout_spring_scene44_row54/cloudy_s2.tif,heldout_spring_scene44_row54/sar_s1_vv_vh.tif,heldout_spring_scene44_row54/clear_s2_reference.tif
heldout_spring_scene44_row55,test,spring,scene_44,p157,55,,,"Official source dataset test split, in a scene absent from its listed train scenes.",heldout_spring_scene44_row55/cloudy_s2.tif,heldout_spring_scene44_row55/sar_s1_vv_vh.tif,heldout_spring_scene44_row55/clear_s2_reference.tif
heldout_spring_scene44_row56,test,spring,scene_44,p158,56,,,"Official source dataset test split, in a scene absent from its listed train scenes.",heldout_spring_scene44_row56/cloudy_s2.tif,heldout_spring_scene44_row56/sar_s1_vv_vh.tif,heldout_spring_scene44_row56/clear_s2_reference.tif
heldout_spring_scene44_row57,test,spring,scene_44,p159,57,,,"Official source dataset test split, in a scene absent from its listed train scenes.",heldout_spring_scene44_row57/cloudy_s2.tif,heldout_spring_scene44_row57/sar_s1_vv_vh.tif,heldout_spring_scene44_row57/clear_s2_reference.tif
heldout_spring_scene44_row58,test,spring,scene_44,p160,58,,,"Official source dataset test split, in a scene absent from its listed train scenes.",heldout_spring_scene44_row58/cloudy_s2.tif,heldout_spring_scene44_row58/sar_s1_vv_vh.tif,heldout_spring_scene44_row58/clear_s2_reference.tif
heldout_spring_scene44_row59,test,spring,scene_44,p161,59,,,"Official source dataset test split, in a scene absent from its listed train scenes.",heldout_spring_scene44_row59/cloudy_s2.tif,heldout_spring_scene44_row59/sar_s1_vv_vh.tif,heldout_spring_scene44_row59/clear_s2_reference.tif
heldout_spring_scene44_row60,test,spring,scene_44,p162,60,,,"Official source dataset test split, in a scene absent from its listed train scenes.",heldout_spring_scene44_row60/cloudy_s2.tif,heldout_spring_scene44_row60/sar_s1_vv_vh.tif,heldout_spring_scene44_row60/clear_s2_reference.tif
heldout_spring_scene44_row61,test,spring,scene_44,p163,61,,,"Official source dataset test split, in a scene absent from its listed train scenes.",heldout_spring_scene44_row61/cloudy_s2.tif,heldout_spring_scene44_row61/sar_s1_vv_vh.tif,heldout_spring_scene44_row61/clear_s2_reference.tif
heldout_spring_scene44_row62,test,spring,scene_44,p164,62,,,"Official source dataset test split, in a scene absent from its listed train scenes.",heldout_spring_scene44_row62/cloudy_s2.tif,heldout_spring_scene44_row62/sar_s1_vv_vh.tif,heldout_spring_scene44_row62/clear_s2_reference.tif
heldout_spring_scene44_row63,test,spring,scene_44,p165,63,,,"Official source dataset test split, in a scene absent from its listed train scenes.",heldout_spring_scene44_row63/cloudy_s2.tif,heldout_spring_scene44_row63/sar_s1_vv_vh.tif,heldout_spring_scene44_row63/clear_s2_reference.tif
heldout_spring_scene44_row64,test,spring,scene_44,p166,64,,,"Official source dataset test split, in a scene absent from its listed train scenes.",heldout_spring_scene44_row64/cloudy_s2.tif,heldout_spring_scene44_row64/sar_s1_vv_vh.tif,heldout_spring_scene44_row64/clear_s2_reference.tif
heldout_spring_scene44_row65,test,spring,scene_44,p167,65,,,"Official source dataset test split, in a scene absent from its listed train scenes.",heldout_spring_scene44_row65/cloudy_s2.tif,heldout_spring_scene44_row65/sar_s1_vv_vh.tif,heldout_spring_scene44_row65/clear_s2_reference.tif
heldout_spring_scene44_row66,test,spring,scene_44,p168,66,,,"Official source dataset test split, in a scene absent from its listed train scenes.",heldout_spring_scene44_row66/cloudy_s2.tif,heldout_spring_scene44_row66/sar_s1_vv_vh.tif,heldout_spring_scene44_row66/clear_s2_reference.tif
heldout_spring_scene44_row67,test,spring,scene_44,p169,67,,,"Official source dataset test split, in a scene absent from its listed train scenes.",heldout_spring_scene44_row67/cloudy_s2.tif,heldout_spring_scene44_row67/sar_s1_vv_vh.tif,heldout_spring_scene44_row67/clear_s2_reference.tif
heldout_spring_scene44_row68,test,spring,scene_44,p170,68,,,"Official source dataset test split, in a scene absent from its listed train scenes.",heldout_spring_scene44_row68/cloudy_s2.tif,heldout_spring_scene44_row68/sar_s1_vv_vh.tif,heldout_spring_scene44_row68/clear_s2_reference.tif
heldout_spring_scene44_row69,test,spring,scene_44,p171,69,,,"Official source dataset test split, in a scene absent from its listed train scenes.",heldout_spring_scene44_row69/cloudy_s2.tif,heldout_spring_scene44_row69/sar_s1_vv_vh.tif,heldout_spring_scene44_row69/clear_s2_reference.tif
heldout_spring_scene44_row70,test,spring,scene_44,p172,70,,,"Official source dataset test split, in a scene absent from its listed train scenes.",heldout_spring_scene44_row70/cloudy_s2.tif,heldout_spring_scene44_row70/sar_s1_vv_vh.tif,heldout_spring_scene44_row70/clear_s2_reference.tif
heldout_spring_scene44_row71,test,spring,scene_44,p173,71,,,"Official source dataset test split, in a scene absent from its listed train scenes.",heldout_spring_scene44_row71/cloudy_s2.tif,heldout_spring_scene44_row71/sar_s1_vv_vh.tif,heldout_spring_scene44_row71/clear_s2_reference.tif
heldout_spring_scene44_row72,test,spring,scene_44,p175,72,,,"Official source dataset test split, in a scene absent from its listed train scenes.",heldout_spring_scene44_row72/cloudy_s2.tif,heldout_spring_scene44_row72/sar_s1_vv_vh.tif,heldout_spring_scene44_row72/clear_s2_reference.tif
heldout_spring_scene44_row73,test,spring,scene_44,p176,73,,,"Official source dataset test split, in a scene absent from its listed train scenes.",heldout_spring_scene44_row73/cloudy_s2.tif,heldout_spring_scene44_row73/sar_s1_vv_vh.tif,heldout_spring_scene44_row73/clear_s2_reference.tif
heldout_spring_scene44_row74,test,spring,scene_44,p177,74,,,"Official source dataset test split, in a scene absent from its listed train scenes.",heldout_spring_scene44_row74/cloudy_s2.tif,heldout_spring_scene44_row74/sar_s1_vv_vh.tif,heldout_spring_scene44_row74/clear_s2_reference.tif
heldout_spring_scene44_row75,test,spring,scene_44,p178,75,,,"Official source dataset test split, in a scene absent from its listed train scenes.",heldout_spring_scene44_row75/cloudy_s2.tif,heldout_spring_scene44_row75/sar_s1_vv_vh.tif,heldout_spring_scene44_row75/clear_s2_reference.tif
heldout_spring_scene44_row76,test,spring,scene_44,p179,76,,,"Official source dataset test split, in a scene absent from its listed train scenes.",heldout_spring_scene44_row76/cloudy_s2.tif,heldout_spring_scene44_row76/sar_s1_vv_vh.tif,heldout_spring_scene44_row76/clear_s2_reference.tif
heldout_spring_scene44_row77,test,spring,scene_44,p180,77,,,"Official source dataset test split, in a scene absent from its listed train scenes.",heldout_spring_scene44_row77/cloudy_s2.tif,heldout_spring_scene44_row77/sar_s1_vv_vh.tif,heldout_spring_scene44_row77/clear_s2_reference.tif
heldout_spring_scene44_row78,test,spring,scene_44,p181,78,,,"Official source dataset test split, in a scene absent from its listed train scenes.",heldout_spring_scene44_row78/cloudy_s2.tif,heldout_spring_scene44_row78/sar_s1_vv_vh.tif,heldout_spring_scene44_row78/clear_s2_reference.tif
heldout_spring_scene44_row79,test,spring,scene_44,p182,79,,,"Official source dataset test split, in a scene absent from its listed train scenes.",heldout_spring_scene44_row79/cloudy_s2.tif,heldout_spring_scene44_row79/sar_s1_vv_vh.tif,heldout_spring_scene44_row79/clear_s2_reference.tif
heldout_spring_scene44_row80,test,spring,scene_44,p183,80,,,"Official source dataset test split, in a scene absent from its listed train scenes.",heldout_spring_scene44_row80/cloudy_s2.tif,heldout_spring_scene44_row80/sar_s1_vv_vh.tif,heldout_spring_scene44_row80/clear_s2_reference.tif
heldout_spring_scene44_row81,test,spring,scene_44,p184,81,,,"Official source dataset test split, in a scene absent from its listed train scenes.",heldout_spring_scene44_row81/cloudy_s2.tif,heldout_spring_scene44_row81/sar_s1_vv_vh.tif,heldout_spring_scene44_row81/clear_s2_reference.tif
heldout_spring_scene44_row82,test,spring,scene_44,p185,82,,,"Official source dataset test split, in a scene absent from its listed train scenes.",heldout_spring_scene44_row82/cloudy_s2.tif,heldout_spring_scene44_row82/sar_s1_vv_vh.tif,heldout_spring_scene44_row82/clear_s2_reference.tif
heldout_spring_scene44_row83,test,spring,scene_44,p186,83,,,"Official source dataset test split, in a scene absent from its listed train scenes.",heldout_spring_scene44_row83/cloudy_s2.tif,heldout_spring_scene44_row83/sar_s1_vv_vh.tif,heldout_spring_scene44_row83/clear_s2_reference.tif
heldout_spring_scene44_row84,test,spring,scene_44,p187,84,,,"Official source dataset test split, in a scene absent from its listed train scenes.",heldout_spring_scene44_row84/cloudy_s2.tif,heldout_spring_scene44_row84/sar_s1_vv_vh.tif,heldout_spring_scene44_row84/clear_s2_reference.tif
heldout_spring_scene44_row85,test,spring,scene_44,p188,85,,,"Official source dataset test split, in a scene absent from its listed train scenes.",heldout_spring_scene44_row85/cloudy_s2.tif,heldout_spring_scene44_row85/sar_s1_vv_vh.tif,heldout_spring_scene44_row85/clear_s2_reference.tif
heldout_spring_scene44_row86,test,spring,scene_44,p189,86,,,"Official source dataset test split, in a scene absent from its listed train scenes.",heldout_spring_scene44_row86/cloudy_s2.tif,heldout_spring_scene44_row86/sar_s1_vv_vh.tif,heldout_spring_scene44_row86/clear_s2_reference.tif
heldout_spring_scene44_row87,test,spring,scene_44,p190,87,,,"Official source dataset test split, in a scene absent from its listed train scenes.",heldout_spring_scene44_row87/cloudy_s2.tif,heldout_spring_scene44_row87/sar_s1_vv_vh.tif,heldout_spring_scene44_row87/clear_s2_reference.tif
heldout_spring_scene44_row88,test,spring,scene_44,p191,88,,,"Official source dataset test split, in a scene absent from its listed train scenes.",heldout_spring_scene44_row88/cloudy_s2.tif,heldout_spring_scene44_row88/sar_s1_vv_vh.tif,heldout_spring_scene44_row88/clear_s2_reference.tif
heldout_spring_scene44_row89,test,spring,scene_44,p192,89,,,"Official source dataset test split, in a scene absent from its listed train scenes.",heldout_spring_scene44_row89/cloudy_s2.tif,heldout_spring_scene44_row89/sar_s1_vv_vh.tif,heldout_spring_scene44_row89/clear_s2_reference.tif
heldout_spring_scene44_row90,test,spring,scene_44,p193,90,,,"Official source dataset test split, in a scene absent from its listed train scenes.",heldout_spring_scene44_row90/cloudy_s2.tif,heldout_spring_scene44_row90/sar_s1_vv_vh.tif,heldout_spring_scene44_row90/clear_s2_reference.tif
heldout_spring_scene44_row91,test,spring,scene_44,p194,91,,,"Official source dataset test split, in a scene absent from its listed train scenes.",heldout_spring_scene44_row91/cloudy_s2.tif,heldout_spring_scene44_row91/sar_s1_vv_vh.tif,heldout_spring_scene44_row91/clear_s2_reference.tif
heldout_spring_scene44_row92,test,spring,scene_44,p195,92,,,"Official source dataset test split, in a scene absent from its listed train scenes.",heldout_spring_scene44_row92/cloudy_s2.tif,heldout_spring_scene44_row92/sar_s1_vv_vh.tif,heldout_spring_scene44_row92/clear_s2_reference.tif
heldout_spring_scene44_row93,test,spring,scene_44,p196,93,,,"Official source dataset test split, in a scene absent from its listed train scenes.",heldout_spring_scene44_row93/cloudy_s2.tif,heldout_spring_scene44_row93/sar_s1_vv_vh.tif,heldout_spring_scene44_row93/clear_s2_reference.tif
heldout_spring_scene44_row94,test,spring,scene_44,p197,94,,,"Official source dataset test split, in a scene absent from its listed train scenes.",heldout_spring_scene44_row94/cloudy_s2.tif,heldout_spring_scene44_row94/sar_s1_vv_vh.tif,heldout_spring_scene44_row94/clear_s2_reference.tif
heldout_spring_scene44_row95,test,spring,scene_44,p198,95,,,"Official source dataset test split, in a scene absent from its listed train scenes.",heldout_spring_scene44_row95/cloudy_s2.tif,heldout_spring_scene44_row95/sar_s1_vv_vh.tif,heldout_spring_scene44_row95/clear_s2_reference.tif
heldout_spring_scene106,test,spring,scene_106,p100,0,,,"Official source dataset test split, in a scene absent from its listed train scenes.",heldout_spring_scene106/cloudy_s2.tif,heldout_spring_scene106/sar_s1_vv_vh.tif,heldout_spring_scene106/clear_s2_reference.tif
heldout_spring_scene106_row1,test,spring,scene_106,p101,1,,,"Official source dataset test split, in a scene absent from its listed train scenes.",heldout_spring_scene106_row1/cloudy_s2.tif,heldout_spring_scene106_row1/sar_s1_vv_vh.tif,heldout_spring_scene106_row1/clear_s2_reference.tif
heldout_spring_scene106_row2,test,spring,scene_106,p102,2,,,"Official source dataset test split, in a scene absent from its listed train scenes.",heldout_spring_scene106_row2/cloudy_s2.tif,heldout_spring_scene106_row2/sar_s1_vv_vh.tif,heldout_spring_scene106_row2/clear_s2_reference.tif
heldout_spring_scene106_row3,test,spring,scene_106,p103,3,,,"Official source dataset test split, in a scene absent from its listed train scenes.",heldout_spring_scene106_row3/cloudy_s2.tif,heldout_spring_scene106_row3/sar_s1_vv_vh.tif,heldout_spring_scene106_row3/clear_s2_reference.tif
heldout_spring_scene106_row4,test,spring,scene_106,p104,4,,,"Official source dataset test split, in a scene absent from its listed train scenes.",heldout_spring_scene106_row4/cloudy_s2.tif,heldout_spring_scene106_row4/sar_s1_vv_vh.tif,heldout_spring_scene106_row4/clear_s2_reference.tif
heldout_spring_scene106_row5,test,spring,scene_106,p105,5,,,"Official source dataset test split, in a scene absent from its listed train scenes.",heldout_spring_scene106_row5/cloudy_s2.tif,heldout_spring_scene106_row5/sar_s1_vv_vh.tif,heldout_spring_scene106_row5/clear_s2_reference.tif
heldout_spring_scene106_row6,test,spring,scene_106,p106,6,,,"Official source dataset test split, in a scene absent from its listed train scenes.",heldout_spring_scene106_row6/cloudy_s2.tif,heldout_spring_scene106_row6/sar_s1_vv_vh.tif,heldout_spring_scene106_row6/clear_s2_reference.tif
heldout_spring_scene106_row7,test,spring,scene_106,p107,7,,,"Official source dataset test split, in a scene absent from its listed train scenes.",heldout_spring_scene106_row7/cloudy_s2.tif,heldout_spring_scene106_row7/sar_s1_vv_vh.tif,heldout_spring_scene106_row7/clear_s2_reference.tif
heldout_spring_scene106_row8,test,spring,scene_106,p108,8,,,"Official source dataset test split, in a scene absent from its listed train scenes.",heldout_spring_scene106_row8/cloudy_s2.tif,heldout_spring_scene106_row8/sar_s1_vv_vh.tif,heldout_spring_scene106_row8/clear_s2_reference.tif
heldout_spring_scene106_row9,test,spring,scene_106,p109,9,,,"Official source dataset test split, in a scene absent from its listed train scenes.",heldout_spring_scene106_row9/cloudy_s2.tif,heldout_spring_scene106_row9/sar_s1_vv_vh.tif,heldout_spring_scene106_row9/clear_s2_reference.tif
heldout_spring_scene106_row10,test,spring,scene_106,p110,10,,,"Official source dataset test split, in a scene absent from its listed train scenes.",heldout_spring_scene106_row10/cloudy_s2.tif,heldout_spring_scene106_row10/sar_s1_vv_vh.tif,heldout_spring_scene106_row10/clear_s2_reference.tif
heldout_spring_scene106_row11,test,spring,scene_106,p111,11,,,"Official source dataset test split, in a scene absent from its listed train scenes.",heldout_spring_scene106_row11/cloudy_s2.tif,heldout_spring_scene106_row11/sar_s1_vv_vh.tif,heldout_spring_scene106_row11/clear_s2_reference.tif
heldout_spring_scene106_row12,test,spring,scene_106,p112,12,,,"Official source dataset test split, in a scene absent from its listed train scenes.",heldout_spring_scene106_row12/cloudy_s2.tif,heldout_spring_scene106_row12/sar_s1_vv_vh.tif,heldout_spring_scene106_row12/clear_s2_reference.tif
heldout_spring_scene106_row13,test,spring,scene_106,p113,13,,,"Official source dataset test split, in a scene absent from its listed train scenes.",heldout_spring_scene106_row13/cloudy_s2.tif,heldout_spring_scene106_row13/sar_s1_vv_vh.tif,heldout_spring_scene106_row13/clear_s2_reference.tif
heldout_spring_scene106_row14,test,spring,scene_106,p114,14,,,"Official source dataset test split, in a scene absent from its listed train scenes.",heldout_spring_scene106_row14/cloudy_s2.tif,heldout_spring_scene106_row14/sar_s1_vv_vh.tif,heldout_spring_scene106_row14/clear_s2_reference.tif
heldout_spring_scene106_row15,test,spring,scene_106,p115,15,,,"Official source dataset test split, in a scene absent from its listed train scenes.",heldout_spring_scene106_row15/cloudy_s2.tif,heldout_spring_scene106_row15/sar_s1_vv_vh.tif,heldout_spring_scene106_row15/clear_s2_reference.tif
heldout_spring_scene106_row16,test,spring,scene_106,p117,16,,,"Official source dataset test split, in a scene absent from its listed train scenes.",heldout_spring_scene106_row16/cloudy_s2.tif,heldout_spring_scene106_row16/sar_s1_vv_vh.tif,heldout_spring_scene106_row16/clear_s2_reference.tif
heldout_spring_scene106_row17,test,spring,scene_106,p118,17,,,"Official source dataset test split, in a scene absent from its listed train scenes.",heldout_spring_scene106_row17/cloudy_s2.tif,heldout_spring_scene106_row17/sar_s1_vv_vh.tif,heldout_spring_scene106_row17/clear_s2_reference.tif
heldout_spring_scene106_row18,test,spring,scene_106,p119,18,,,"Official source dataset test split, in a scene absent from its listed train scenes.",heldout_spring_scene106_row18/cloudy_s2.tif,heldout_spring_scene106_row18/sar_s1_vv_vh.tif,heldout_spring_scene106_row18/clear_s2_reference.tif
heldout_spring_scene106_row19,test,spring,scene_106,p120,19,,,"Official source dataset test split, in a scene absent from its listed train scenes.",heldout_spring_scene106_row19/cloudy_s2.tif,heldout_spring_scene106_row19/sar_s1_vv_vh.tif,heldout_spring_scene106_row19/clear_s2_reference.tif
heldout_spring_scene106_row20,test,spring,scene_106,p121,20,,,"Official source dataset test split, in a scene absent from its listed train scenes.",heldout_spring_scene106_row20/cloudy_s2.tif,heldout_spring_scene106_row20/sar_s1_vv_vh.tif,heldout_spring_scene106_row20/clear_s2_reference.tif
heldout_spring_scene106_row21,test,spring,scene_106,p122,21,,,"Official source dataset test split, in a scene absent from its listed train scenes.",heldout_spring_scene106_row21/cloudy_s2.tif,heldout_spring_scene106_row21/sar_s1_vv_vh.tif,heldout_spring_scene106_row21/clear_s2_reference.tif
heldout_spring_scene106_row22,test,spring,scene_106,p123,22,,,"Official source dataset test split, in a scene absent from its listed train scenes.",heldout_spring_scene106_row22/cloudy_s2.tif,heldout_spring_scene106_row22/sar_s1_vv_vh.tif,heldout_spring_scene106_row22/clear_s2_reference.tif
heldout_spring_scene106_row23,test,spring,scene_106,p124,23,,,"Official source dataset test split, in a scene absent from its listed train scenes.",heldout_spring_scene106_row23/cloudy_s2.tif,heldout_spring_scene106_row23/sar_s1_vv_vh.tif,heldout_spring_scene106_row23/clear_s2_reference.tif
heldout_spring_scene106_row24,test,spring,scene_106,p125,24,,,"Official source dataset test split, in a scene absent from its listed train scenes.",heldout_spring_scene106_row24/cloudy_s2.tif,heldout_spring_scene106_row24/sar_s1_vv_vh.tif,heldout_spring_scene106_row24/clear_s2_reference.tif
heldout_spring_scene106_row25,test,spring,scene_106,p126,25,,,"Official source dataset test split, in a scene absent from its listed train scenes.",heldout_spring_scene106_row25/cloudy_s2.tif,heldout_spring_scene106_row25/sar_s1_vv_vh.tif,heldout_spring_scene106_row25/clear_s2_reference.tif
heldout_spring_scene106_row26,test,spring,scene_106,p127,26,,,"Official source dataset test split, in a scene absent from its listed train scenes.",heldout_spring_scene106_row26/cloudy_s2.tif,heldout_spring_scene106_row26/sar_s1_vv_vh.tif,heldout_spring_scene106_row26/clear_s2_reference.tif
heldout_spring_scene106_row27,test,spring,scene_106,p128,27,,,"Official source dataset test split, in a scene absent from its listed train scenes.",heldout_spring_scene106_row27/cloudy_s2.tif,heldout_spring_scene106_row27/sar_s1_vv_vh.tif,heldout_spring_scene106_row27/clear_s2_reference.tif
heldout_spring_scene106_row28,test,spring,scene_106,p129,28,,,"Official source dataset test split, in a scene absent from its listed train scenes.",heldout_spring_scene106_row28/cloudy_s2.tif,heldout_spring_scene106_row28/sar_s1_vv_vh.tif,heldout_spring_scene106_row28/clear_s2_reference.tif
heldout_spring_scene106_row29,test,spring,scene_106,p130,29,,,"Official source dataset test split, in a scene absent from its listed train scenes.",heldout_spring_scene106_row29/cloudy_s2.tif,heldout_spring_scene106_row29/sar_s1_vv_vh.tif,heldout_spring_scene106_row29/clear_s2_reference.tif
heldout_spring_scene106_row30,test,spring,scene_106,p131,30,,,"Official source dataset test split, in a scene absent from its listed train scenes.",heldout_spring_scene106_row30/cloudy_s2.tif,heldout_spring_scene106_row30/sar_s1_vv_vh.tif,heldout_spring_scene106_row30/clear_s2_reference.tif
heldout_spring_scene106_row31,test,spring,scene_106,p132,31,,,"Official source dataset test split, in a scene absent from its listed train scenes.",heldout_spring_scene106_row31/cloudy_s2.tif,heldout_spring_scene106_row31/sar_s1_vv_vh.tif,heldout_spring_scene106_row31/clear_s2_reference.tif
heldout_spring_scene106_row32,test,spring,scene_106,p133,32,,,"Official source dataset test split, in a scene absent from its listed train scenes.",heldout_spring_scene106_row32/cloudy_s2.tif,heldout_spring_scene106_row32/sar_s1_vv_vh.tif,heldout_spring_scene106_row32/clear_s2_reference.tif
heldout_spring_scene106_row33,test,spring,scene_106,p134,33,,,"Official source dataset test split, in a scene absent from its listed train scenes.",heldout_spring_scene106_row33/cloudy_s2.tif,heldout_spring_scene106_row33/sar_s1_vv_vh.tif,heldout_spring_scene106_row33/clear_s2_reference.tif
heldout_spring_scene106_row34,test,spring,scene_106,p135,34,,,"Official source dataset test split, in a scene absent from its listed train scenes.",heldout_spring_scene106_row34/cloudy_s2.tif,heldout_spring_scene106_row34/sar_s1_vv_vh.tif,heldout_spring_scene106_row34/clear_s2_reference.tif
heldout_spring_scene106_row35,test,spring,scene_106,p136,35,,,"Official source dataset test split, in a scene absent from its listed train scenes.",heldout_spring_scene106_row35/cloudy_s2.tif,heldout_spring_scene106_row35/sar_s1_vv_vh.tif,heldout_spring_scene106_row35/clear_s2_reference.tif
heldout_spring_scene106_row36,test,spring,scene_106,p137,36,,,"Official source dataset test split, in a scene absent from its listed train scenes.",heldout_spring_scene106_row36/cloudy_s2.tif,heldout_spring_scene106_row36/sar_s1_vv_vh.tif,heldout_spring_scene106_row36/clear_s2_reference.tif
heldout_spring_scene106_row37,test,spring,scene_106,p138,37,,,"Official source dataset test split, in a scene absent from its listed train scenes.",heldout_spring_scene106_row37/cloudy_s2.tif,heldout_spring_scene106_row37/sar_s1_vv_vh.tif,heldout_spring_scene106_row37/clear_s2_reference.tif
heldout_spring_scene106_row38,test,spring,scene_106,p139,38,,,"Official source dataset test split, in a scene absent from its listed train scenes.",heldout_spring_scene106_row38/cloudy_s2.tif,heldout_spring_scene106_row38/sar_s1_vv_vh.tif,heldout_spring_scene106_row38/clear_s2_reference.tif
heldout_spring_scene106_row39,test,spring,scene_106,p140,39,,,"Official source dataset test split, in a scene absent from its listed train scenes.",heldout_spring_scene106_row39/cloudy_s2.tif,heldout_spring_scene106_row39/sar_s1_vv_vh.tif,heldout_spring_scene106_row39/clear_s2_reference.tif
heldout_spring_scene106_row40,test,spring,scene_106,p141,40,,,"Official source dataset test split, in a scene absent from its listed train scenes.",heldout_spring_scene106_row40/cloudy_s2.tif,heldout_spring_scene106_row40/sar_s1_vv_vh.tif,heldout_spring_scene106_row40/clear_s2_reference.tif
heldout_spring_scene106_row41,test,spring,scene_106,p142,41,,,"Official source dataset test split, in a scene absent from its listed train scenes.",heldout_spring_scene106_row41/cloudy_s2.tif,heldout_spring_scene106_row41/sar_s1_vv_vh.tif,heldout_spring_scene106_row41/clear_s2_reference.tif
heldout_spring_scene106_row42,test,spring,scene_106,p143,42,,,"Official source dataset test split, in a scene absent from its listed train scenes.",heldout_spring_scene106_row42/cloudy_s2.tif,heldout_spring_scene106_row42/sar_s1_vv_vh.tif,heldout_spring_scene106_row42/clear_s2_reference.tif
heldout_spring_scene106_row43,test,spring,scene_106,p144,43,,,"Official source dataset test split, in a scene absent from its listed train scenes.",heldout_spring_scene106_row43/cloudy_s2.tif,heldout_spring_scene106_row43/sar_s1_vv_vh.tif,heldout_spring_scene106_row43/clear_s2_reference.tif
heldout_spring_scene106_row44,test,spring,scene_106,p146,44,,,"Official source dataset test split, in a scene absent from its listed train scenes.",heldout_spring_scene106_row44/cloudy_s2.tif,heldout_spring_scene106_row44/sar_s1_vv_vh.tif,heldout_spring_scene106_row44/clear_s2_reference.tif
heldout_spring_scene106_row45,test,spring,scene_106,p147,45,,,"Official source dataset test split, in a scene absent from its listed train scenes.",heldout_spring_scene106_row45/cloudy_s2.tif,heldout_spring_scene106_row45/sar_s1_vv_vh.tif,heldout_spring_scene106_row45/clear_s2_reference.tif
heldout_spring_scene106_row46,test,spring,scene_106,p148,46,,,"Official source dataset test split, in a scene absent from its listed train scenes.",heldout_spring_scene106_row46/cloudy_s2.tif,heldout_spring_scene106_row46/sar_s1_vv_vh.tif,heldout_spring_scene106_row46/clear_s2_reference.tif
heldout_spring_scene106_row47,test,spring,scene_106,p149,47,,,"Official source dataset test split, in a scene absent from its listed train scenes.",heldout_spring_scene106_row47/cloudy_s2.tif,heldout_spring_scene106_row47/sar_s1_vv_vh.tif,heldout_spring_scene106_row47/clear_s2_reference.tif
heldout_spring_scene106_row48,test,spring,scene_106,p150,48,,,"Official source dataset test split, in a scene absent from its listed train scenes.",heldout_spring_scene106_row48/cloudy_s2.tif,heldout_spring_scene106_row48/sar_s1_vv_vh.tif,heldout_spring_scene106_row48/clear_s2_reference.tif
heldout_spring_scene106_row49,test,spring,scene_106,p151,49,,,"Official source dataset test split, in a scene absent from its listed train scenes.",heldout_spring_scene106_row49/cloudy_s2.tif,heldout_spring_scene106_row49/sar_s1_vv_vh.tif,heldout_spring_scene106_row49/clear_s2_reference.tif
heldout_spring_scene106_row50,test,spring,scene_106,p152,50,,,"Official source dataset test split, in a scene absent from its listed train scenes.",heldout_spring_scene106_row50/cloudy_s2.tif,heldout_spring_scene106_row50/sar_s1_vv_vh.tif,heldout_spring_scene106_row50/clear_s2_reference.tif
heldout_spring_scene106_row51,test,spring,scene_106,p153,51,,,"Official source dataset test split, in a scene absent from its listed train scenes.",heldout_spring_scene106_row51/cloudy_s2.tif,heldout_spring_scene106_row51/sar_s1_vv_vh.tif,heldout_spring_scene106_row51/clear_s2_reference.tif
heldout_spring_scene106_row52,test,spring,scene_106,p154,52,,,"Official source dataset test split, in a scene absent from its listed train scenes.",heldout_spring_scene106_row52/cloudy_s2.tif,heldout_spring_scene106_row52/sar_s1_vv_vh.tif,heldout_spring_scene106_row52/clear_s2_reference.tif
heldout_spring_scene106_row53,test,spring,scene_106,p155,53,,,"Official source dataset test split, in a scene absent from its listed train scenes.",heldout_spring_scene106_row53/cloudy_s2.tif,heldout_spring_scene106_row53/sar_s1_vv_vh.tif,heldout_spring_scene106_row53/clear_s2_reference.tif
heldout_spring_scene106_row54,test,spring,scene_106,p156,54,,,"Official source dataset test split, in a scene absent from its listed train scenes.",heldout_spring_scene106_row54/cloudy_s2.tif,heldout_spring_scene106_row54/sar_s1_vv_vh.tif,heldout_spring_scene106_row54/clear_s2_reference.tif
heldout_spring_scene106_row55,test,spring,scene_106,p157,55,,,"Official source dataset test split, in a scene absent from its listed train scenes.",heldout_spring_scene106_row55/cloudy_s2.tif,heldout_spring_scene106_row55/sar_s1_vv_vh.tif,heldout_spring_scene106_row55/clear_s2_reference.tif
heldout_spring_scene106_row56,test,spring,scene_106,p158,56,,,"Official source dataset test split, in a scene absent from its listed train scenes.",heldout_spring_scene106_row56/cloudy_s2.tif,heldout_spring_scene106_row56/sar_s1_vv_vh.tif,heldout_spring_scene106_row56/clear_s2_reference.tif
heldout_spring_scene106_row57,test,spring,scene_106,p159,57,,,"Official source dataset test split, in a scene absent from its listed train scenes.",heldout_spring_scene106_row57/cloudy_s2.tif,heldout_spring_scene106_row57/sar_s1_vv_vh.tif,heldout_spring_scene106_row57/clear_s2_reference.tif
heldout_spring_scene106_row58,test,spring,scene_106,p160,58,,,"Official source dataset test split, in a scene absent from its listed train scenes.",heldout_spring_scene106_row58/cloudy_s2.tif,heldout_spring_scene106_row58/sar_s1_vv_vh.tif,heldout_spring_scene106_row58/clear_s2_reference.tif
heldout_spring_scene106_row59,test,spring,scene_106,p161,59,,,"Official source dataset test split, in a scene absent from its listed train scenes.",heldout_spring_scene106_row59/cloudy_s2.tif,heldout_spring_scene106_row59/sar_s1_vv_vh.tif,heldout_spring_scene106_row59/clear_s2_reference.tif
heldout_spring_scene106_row60,test,spring,scene_106,p162,60,,,"Official source dataset test split, in a scene absent from its listed train scenes.",heldout_spring_scene106_row60/cloudy_s2.tif,heldout_spring_scene106_row60/sar_s1_vv_vh.tif,heldout_spring_scene106_row60/clear_s2_reference.tif
heldout_spring_scene106_row61,test,spring,scene_106,p163,61,,,"Official source dataset test split, in a scene absent from its listed train scenes.",heldout_spring_scene106_row61/cloudy_s2.tif,heldout_spring_scene106_row61/sar_s1_vv_vh.tif,heldout_spring_scene106_row61/clear_s2_reference.tif
heldout_spring_scene106_row62,test,spring,scene_106,p164,62,,,"Official source dataset test split, in a scene absent from its listed train scenes.",heldout_spring_scene106_row62/cloudy_s2.tif,heldout_spring_scene106_row62/sar_s1_vv_vh.tif,heldout_spring_scene106_row62/clear_s2_reference.tif
heldout_spring_scene106_row63,test,spring,scene_106,p165,63,,,"Official source dataset test split, in a scene absent from its listed train scenes.",heldout_spring_scene106_row63/cloudy_s2.tif,heldout_spring_scene106_row63/sar_s1_vv_vh.tif,heldout_spring_scene106_row63/clear_s2_reference.tif
heldout_spring_scene106_row64,test,spring,scene_106,p166,64,,,"Official source dataset test split, in a scene absent from its listed train scenes.",heldout_spring_scene106_row64/cloudy_s2.tif,heldout_spring_scene106_row64/sar_s1_vv_vh.tif,heldout_spring_scene106_row64/clear_s2_reference.tif
heldout_spring_scene106_row65,test,spring,scene_106,p167,65,,,"Official source dataset test split, in a scene absent from its listed train scenes.",heldout_spring_scene106_row65/cloudy_s2.tif,heldout_spring_scene106_row65/sar_s1_vv_vh.tif,heldout_spring_scene106_row65/clear_s2_reference.tif
heldout_spring_scene106_row66,test,spring,scene_106,p168,66,,,"Official source dataset test split, in a scene absent from its listed train scenes.",heldout_spring_scene106_row66/cloudy_s2.tif,heldout_spring_scene106_row66/sar_s1_vv_vh.tif,heldout_spring_scene106_row66/clear_s2_reference.tif
heldout_spring_scene106_row67,test,spring,scene_106,p169,67,,,"Official source dataset test split, in a scene absent from its listed train scenes.",heldout_spring_scene106_row67/cloudy_s2.tif,heldout_spring_scene106_row67/sar_s1_vv_vh.tif,heldout_spring_scene106_row67/clear_s2_reference.tif
heldout_spring_scene106_row68,test,spring,scene_106,p170,68,,,"Official source dataset test split, in a scene absent from its listed train scenes.",heldout_spring_scene106_row68/cloudy_s2.tif,heldout_spring_scene106_row68/sar_s1_vv_vh.tif,heldout_spring_scene106_row68/clear_s2_reference.tif
heldout_spring_scene106_row69,test,spring,scene_106,p171,69,,,"Official source dataset test split, in a scene absent from its listed train scenes.",heldout_spring_scene106_row69/cloudy_s2.tif,heldout_spring_scene106_row69/sar_s1_vv_vh.tif,heldout_spring_scene106_row69/clear_s2_reference.tif
heldout_spring_scene106_row70,test,spring,scene_106,p172,70,,,"Official source dataset test split, in a scene absent from its listed train scenes.",heldout_spring_scene106_row70/cloudy_s2.tif,heldout_spring_scene106_row70/sar_s1_vv_vh.tif,heldout_spring_scene106_row70/clear_s2_reference.tif
heldout_spring_scene106_row71,test,spring,scene_106,p173,71,,,"Official source dataset test split, in a scene absent from its listed train scenes.",heldout_spring_scene106_row71/cloudy_s2.tif,heldout_spring_scene106_row71/sar_s1_vv_vh.tif,heldout_spring_scene106_row71/clear_s2_reference.tif
heldout_spring_scene106_row72,test,spring,scene_106,p175,72,,,"Official source dataset test split, in a scene absent from its listed train scenes.",heldout_spring_scene106_row72/cloudy_s2.tif,heldout_spring_scene106_row72/sar_s1_vv_vh.tif,heldout_spring_scene106_row72/clear_s2_reference.tif
heldout_spring_scene106_row73,test,spring,scene_106,p176,73,,,"Official source dataset test split, in a scene absent from its listed train scenes.",heldout_spring_scene106_row73/cloudy_s2.tif,heldout_spring_scene106_row73/sar_s1_vv_vh.tif,heldout_spring_scene106_row73/clear_s2_reference.tif
heldout_spring_scene106_row74,test,spring,scene_106,p177,74,,,"Official source dataset test split, in a scene absent from its listed train scenes.",heldout_spring_scene106_row74/cloudy_s2.tif,heldout_spring_scene106_row74/sar_s1_vv_vh.tif,heldout_spring_scene106_row74/clear_s2_reference.tif
heldout_spring_scene106_row75,test,spring,scene_106,p178,75,,,"Official source dataset test split, in a scene absent from its listed train scenes.",heldout_spring_scene106_row75/cloudy_s2.tif,heldout_spring_scene106_row75/sar_s1_vv_vh.tif,heldout_spring_scene106_row75/clear_s2_reference.tif
heldout_spring_scene106_row76,test,spring,scene_106,p179,76,,,"Official source dataset test split, in a scene absent from its listed train scenes.",heldout_spring_scene106_row76/cloudy_s2.tif,heldout_spring_scene106_row76/sar_s1_vv_vh.tif,heldout_spring_scene106_row76/clear_s2_reference.tif
heldout_spring_scene106_row77,test,spring,scene_106,p180,77,,,"Official source dataset test split, in a scene absent from its listed train scenes.",heldout_spring_scene106_row77/cloudy_s2.tif,heldout_spring_scene106_row77/sar_s1_vv_vh.tif,heldout_spring_scene106_row77/clear_s2_reference.tif
heldout_spring_scene106_row78,test,spring,scene_106,p181,78,,,"Official source dataset test split, in a scene absent from its listed train scenes.",heldout_spring_scene106_row78/cloudy_s2.tif,heldout_spring_scene106_row78/sar_s1_vv_vh.tif,heldout_spring_scene106_row78/clear_s2_reference.tif
heldout_spring_scene106_row79,test,spring,scene_106,p182,79,,,"Official source dataset test split, in a scene absent from its listed train scenes.",heldout_spring_scene106_row79/cloudy_s2.tif,heldout_spring_scene106_row79/sar_s1_vv_vh.tif,heldout_spring_scene106_row79/clear_s2_reference.tif
heldout_spring_scene106_row80,test,spring,scene_106,p183,80,,,"Official source dataset test split, in a scene absent from its listed train scenes.",heldout_spring_scene106_row80/cloudy_s2.tif,heldout_spring_scene106_row80/sar_s1_vv_vh.tif,heldout_spring_scene106_row80/clear_s2_reference.tif
heldout_spring_scene106_row81,test,spring,scene_106,p184,81,,,"Official source dataset test split, in a scene absent from its listed train scenes.",heldout_spring_scene106_row81/cloudy_s2.tif,heldout_spring_scene106_row81/sar_s1_vv_vh.tif,heldout_spring_scene106_row81/clear_s2_reference.tif
heldout_spring_scene106_row82,test,spring,scene_106,p185,82,,,"Official source dataset test split, in a scene absent from its listed train scenes.",heldout_spring_scene106_row82/cloudy_s2.tif,heldout_spring_scene106_row82/sar_s1_vv_vh.tif,heldout_spring_scene106_row82/clear_s2_reference.tif
heldout_spring_scene106_row83,test,spring,scene_106,p186,83,,,"Official source dataset test split, in a scene absent from its listed train scenes.",heldout_spring_scene106_row83/cloudy_s2.tif,heldout_spring_scene106_row83/sar_s1_vv_vh.tif,heldout_spring_scene106_row83/clear_s2_reference.tif
heldout_spring_scene106_row84,test,spring,scene_106,p187,84,,,"Official source dataset test split, in a scene absent from its listed train scenes.",heldout_spring_scene106_row84/cloudy_s2.tif,heldout_spring_scene106_row84/sar_s1_vv_vh.tif,heldout_spring_scene106_row84/clear_s2_reference.tif
heldout_spring_scene106_row85,test,spring,scene_106,p188,85,,,"Official source dataset test split, in a scene absent from its listed train scenes.",heldout_spring_scene106_row85/cloudy_s2.tif,heldout_spring_scene106_row85/sar_s1_vv_vh.tif,heldout_spring_scene106_row85/clear_s2_reference.tif
heldout_spring_scene106_row86,test,spring,scene_106,p189,86,,,"Official source dataset test split, in a scene absent from its listed train scenes.",heldout_spring_scene106_row86/cloudy_s2.tif,heldout_spring_scene106_row86/sar_s1_vv_vh.tif,heldout_spring_scene106_row86/clear_s2_reference.tif
heldout_spring_scene106_row87,test,spring,scene_106,p190,87,,,"Official source dataset test split, in a scene absent from its listed train scenes.",heldout_spring_scene106_row87/cloudy_s2.tif,heldout_spring_scene106_row87/sar_s1_vv_vh.tif,heldout_spring_scene106_row87/clear_s2_reference.tif
heldout_spring_scene106_row88,test,spring,scene_106,p191,88,,,"Official source dataset test split, in a scene absent from its listed train scenes.",heldout_spring_scene106_row88/cloudy_s2.tif,heldout_spring_scene106_row88/sar_s1_vv_vh.tif,heldout_spring_scene106_row88/clear_s2_reference.tif
heldout_spring_scene106_row89,test,spring,scene_106,p192,89,,,"Official source dataset test split, in a scene absent from its listed train scenes.",heldout_spring_scene106_row89/cloudy_s2.tif,heldout_spring_scene106_row89/sar_s1_vv_vh.tif,heldout_spring_scene106_row89/clear_s2_reference.tif
heldout_spring_scene106_row90,test,spring,scene_106,p193,90,,,"Official source dataset test split, in a scene absent from its listed train scenes.",heldout_spring_scene106_row90/cloudy_s2.tif,heldout_spring_scene106_row90/sar_s1_vv_vh.tif,heldout_spring_scene106_row90/clear_s2_reference.tif
heldout_spring_scene106_row91,test,spring,scene_106,p194,91,,,"Official source dataset test split, in a scene absent from its listed train scenes.",heldout_spring_scene106_row91/cloudy_s2.tif,heldout_spring_scene106_row91/sar_s1_vv_vh.tif,heldout_spring_scene106_row91/clear_s2_reference.tif
heldout_spring_scene106_row92,test,spring,scene_106,p195,92,,,"Official source dataset test split, in a scene absent from its listed train scenes.",heldout_spring_scene106_row92/cloudy_s2.tif,heldout_spring_scene106_row92/sar_s1_vv_vh.tif,heldout_spring_scene106_row92/clear_s2_reference.tif
heldout_spring_scene106_row93,test,spring,scene_106,p196,93,,,"Official source dataset test split, in a scene absent from its listed train scenes.",heldout_spring_scene106_row93/cloudy_s2.tif,heldout_spring_scene106_row93/sar_s1_vv_vh.tif,heldout_spring_scene106_row93/clear_s2_reference.tif
heldout_spring_scene106_row94,test,spring,scene_106,p197,94,,,"Official source dataset test split, in a scene absent from its listed train scenes.",heldout_spring_scene106_row94/cloudy_s2.tif,heldout_spring_scene106_row94/sar_s1_vv_vh.tif,heldout_spring_scene106_row94/clear_s2_reference.tif
heldout_spring_scene106_row95,test,spring,scene_106,p198,95,,,"Official source dataset test split, in a scene absent from its listed train scenes.",heldout_spring_scene106_row95/cloudy_s2.tif,heldout_spring_scene106_row95/sar_s1_vv_vh.tif,heldout_spring_scene106_row95/clear_s2_reference.tif
heldout_spring_scene123,test,spring,scene_123,p100,0,,,"Official source dataset test split, in a scene absent from its listed train scenes.",heldout_spring_scene123/cloudy_s2.tif,heldout_spring_scene123/sar_s1_vv_vh.tif,heldout_spring_scene123/clear_s2_reference.tif
heldout_spring_scene123_row1,test,spring,scene_123,p101,1,,,"Official source dataset test split, in a scene absent from its listed train scenes.",heldout_spring_scene123_row1/cloudy_s2.tif,heldout_spring_scene123_row1/sar_s1_vv_vh.tif,heldout_spring_scene123_row1/clear_s2_reference.tif
heldout_spring_scene123_row2,test,spring,scene_123,p102,2,,,"Official source dataset test split, in a scene absent from its listed train scenes.",heldout_spring_scene123_row2/cloudy_s2.tif,heldout_spring_scene123_row2/sar_s1_vv_vh.tif,heldout_spring_scene123_row2/clear_s2_reference.tif
heldout_spring_scene123_row3,test,spring,scene_123,p103,3,,,"Official source dataset test split, in a scene absent from its listed train scenes.",heldout_spring_scene123_row3/cloudy_s2.tif,heldout_spring_scene123_row3/sar_s1_vv_vh.tif,heldout_spring_scene123_row3/clear_s2_reference.tif
heldout_spring_scene123_row4,test,spring,scene_123,p104,4,,,"Official source dataset test split, in a scene absent from its listed train scenes.",heldout_spring_scene123_row4/cloudy_s2.tif,heldout_spring_scene123_row4/sar_s1_vv_vh.tif,heldout_spring_scene123_row4/clear_s2_reference.tif
heldout_spring_scene123_row5,test,spring,scene_123,p105,5,,,"Official source dataset test split, in a scene absent from its listed train scenes.",heldout_spring_scene123_row5/cloudy_s2.tif,heldout_spring_scene123_row5/sar_s1_vv_vh.tif,heldout_spring_scene123_row5/clear_s2_reference.tif
heldout_spring_scene123_row6,test,spring,scene_123,p106,6,,,"Official source dataset test split, in a scene absent from its listed train scenes.",heldout_spring_scene123_row6/cloudy_s2.tif,heldout_spring_scene123_row6/sar_s1_vv_vh.tif,heldout_spring_scene123_row6/clear_s2_reference.tif
heldout_spring_scene123_row7,test,spring,scene_123,p107,7,,,"Official source dataset test split, in a scene absent from its listed train scenes.",heldout_spring_scene123_row7/cloudy_s2.tif,heldout_spring_scene123_row7/sar_s1_vv_vh.tif,heldout_spring_scene123_row7/clear_s2_reference.tif
heldout_spring_scene123_row8,test,spring,scene_123,p108,8,,,"Official source dataset test split, in a scene absent from its listed train scenes.",heldout_spring_scene123_row8/cloudy_s2.tif,heldout_spring_scene123_row8/sar_s1_vv_vh.tif,heldout_spring_scene123_row8/clear_s2_reference.tif
heldout_spring_scene123_row9,test,spring,scene_123,p109,9,,,"Official source dataset test split, in a scene absent from its listed train scenes.",heldout_spring_scene123_row9/cloudy_s2.tif,heldout_spring_scene123_row9/sar_s1_vv_vh.tif,heldout_spring_scene123_row9/clear_s2_reference.tif
heldout_spring_scene123_row10,test,spring,scene_123,p110,10,,,"Official source dataset test split, in a scene absent from its listed train scenes.",heldout_spring_scene123_row10/cloudy_s2.tif,heldout_spring_scene123_row10/sar_s1_vv_vh.tif,heldout_spring_scene123_row10/clear_s2_reference.tif
heldout_spring_scene123_row11,test,spring,scene_123,p111,11,,,"Official source dataset test split, in a scene absent from its listed train scenes.",heldout_spring_scene123_row11/cloudy_s2.tif,heldout_spring_scene123_row11/sar_s1_vv_vh.tif,heldout_spring_scene123_row11/clear_s2_reference.tif
heldout_spring_scene123_row12,test,spring,scene_123,p112,12,,,"Official source dataset test split, in a scene absent from its listed train scenes.",heldout_spring_scene123_row12/cloudy_s2.tif,heldout_spring_scene123_row12/sar_s1_vv_vh.tif,heldout_spring_scene123_row12/clear_s2_reference.tif
heldout_spring_scene123_row13,test,spring,scene_123,p113,13,,,"Official source dataset test split, in a scene absent from its listed train scenes.",heldout_spring_scene123_row13/cloudy_s2.tif,heldout_spring_scene123_row13/sar_s1_vv_vh.tif,heldout_spring_scene123_row13/clear_s2_reference.tif
heldout_spring_scene123_row14,test,spring,scene_123,p114,14,,,"Official source dataset test split, in a scene absent from its listed train scenes.",heldout_spring_scene123_row14/cloudy_s2.tif,heldout_spring_scene123_row14/sar_s1_vv_vh.tif,heldout_spring_scene123_row14/clear_s2_reference.tif
heldout_spring_scene123_row15,test,spring,scene_123,p115,15,,,"Official source dataset test split, in a scene absent from its listed train scenes.",heldout_spring_scene123_row15/cloudy_s2.tif,heldout_spring_scene123_row15/sar_s1_vv_vh.tif,heldout_spring_scene123_row15/clear_s2_reference.tif
heldout_spring_scene123_row16,test,spring,scene_123,p117,16,,,"Official source dataset test split, in a scene absent from its listed train scenes.",heldout_spring_scene123_row16/cloudy_s2.tif,heldout_spring_scene123_row16/sar_s1_vv_vh.tif,heldout_spring_scene123_row16/clear_s2_reference.tif
heldout_spring_scene123_row17,test,spring,scene_123,p118,17,,,"Official source dataset test split, in a scene absent from its listed train scenes.",heldout_spring_scene123_row17/cloudy_s2.tif,heldout_spring_scene123_row17/sar_s1_vv_vh.tif,heldout_spring_scene123_row17/clear_s2_reference.tif
heldout_spring_scene123_row18,test,spring,scene_123,p119,18,,,"Official source dataset test split, in a scene absent from its listed train scenes.",heldout_spring_scene123_row18/cloudy_s2.tif,heldout_spring_scene123_row18/sar_s1_vv_vh.tif,heldout_spring_scene123_row18/clear_s2_reference.tif
heldout_spring_scene123_row19,test,spring,scene_123,p120,19,,,"Official source dataset test split, in a scene absent from its listed train scenes.",heldout_spring_scene123_row19/cloudy_s2.tif,heldout_spring_scene123_row19/sar_s1_vv_vh.tif,heldout_spring_scene123_row19/clear_s2_reference.tif
heldout_spring_scene123_row20,test,spring,scene_123,p121,20,,,"Official source dataset test split, in a scene absent from its listed train scenes.",heldout_spring_scene123_row20/cloudy_s2.tif,heldout_spring_scene123_row20/sar_s1_vv_vh.tif,heldout_spring_scene123_row20/clear_s2_reference.tif
heldout_spring_scene123_row21,test,spring,scene_123,p122,21,,,"Official source dataset test split, in a scene absent from its listed train scenes.",heldout_spring_scene123_row21/cloudy_s2.tif,heldout_spring_scene123_row21/sar_s1_vv_vh.tif,heldout_spring_scene123_row21/clear_s2_reference.tif
heldout_spring_scene123_row22,test,spring,scene_123,p123,22,,,"Official source dataset test split, in a scene absent from its listed train scenes.",heldout_spring_scene123_row22/cloudy_s2.tif,heldout_spring_scene123_row22/sar_s1_vv_vh.tif,heldout_spring_scene123_row22/clear_s2_reference.tif
heldout_spring_scene123_row23,test,spring,scene_123,p124,23,,,"Official source dataset test split, in a scene absent from its listed train scenes.",heldout_spring_scene123_row23/cloudy_s2.tif,heldout_spring_scene123_row23/sar_s1_vv_vh.tif,heldout_spring_scene123_row23/clear_s2_reference.tif
heldout_spring_scene123_row24,test,spring,scene_123,p125,24,,,"Official source dataset test split, in a scene absent from its listed train scenes.",heldout_spring_scene123_row24/cloudy_s2.tif,heldout_spring_scene123_row24/sar_s1_vv_vh.tif,heldout_spring_scene123_row24/clear_s2_reference.tif
heldout_spring_scene123_row25,test,spring,scene_123,p126,25,,,"Official source dataset test split, in a scene absent from its listed train scenes.",heldout_spring_scene123_row25/cloudy_s2.tif,heldout_spring_scene123_row25/sar_s1_vv_vh.tif,heldout_spring_scene123_row25/clear_s2_reference.tif
heldout_spring_scene123_row26,test,spring,scene_123,p127,26,,,"Official source dataset test split, in a scene absent from its listed train scenes.",heldout_spring_scene123_row26/cloudy_s2.tif,heldout_spring_scene123_row26/sar_s1_vv_vh.tif,heldout_spring_scene123_row26/clear_s2_reference.tif
heldout_spring_scene123_row27,test,spring,scene_123,p128,27,,,"Official source dataset test split, in a scene absent from its listed train scenes.",heldout_spring_scene123_row27/cloudy_s2.tif,heldout_spring_scene123_row27/sar_s1_vv_vh.tif,heldout_spring_scene123_row27/clear_s2_reference.tif
heldout_spring_scene123_row28,test,spring,scene_123,p129,28,,,"Official source dataset test split, in a scene absent from its listed train scenes.",heldout_spring_scene123_row28/cloudy_s2.tif,heldout_spring_scene123_row28/sar_s1_vv_vh.tif,heldout_spring_scene123_row28/clear_s2_reference.tif
heldout_spring_scene123_row29,test,spring,scene_123,p130,29,,,"Official source dataset test split, in a scene absent from its listed train scenes.",heldout_spring_scene123_row29/cloudy_s2.tif,heldout_spring_scene123_row29/sar_s1_vv_vh.tif,heldout_spring_scene123_row29/clear_s2_reference.tif
heldout_spring_scene123_row30,test,spring,scene_123,p131,30,,,"Official source dataset test split, in a scene absent from its listed train scenes.",heldout_spring_scene123_row30/cloudy_s2.tif,heldout_spring_scene123_row30/sar_s1_vv_vh.tif,heldout_spring_scene123_row30/clear_s2_reference.tif
heldout_spring_scene123_row31,test,spring,scene_123,p132,31,,,"Official source dataset test split, in a scene absent from its listed train scenes.",heldout_spring_scene123_row31/cloudy_s2.tif,heldout_spring_scene123_row31/sar_s1_vv_vh.tif,heldout_spring_scene123_row31/clear_s2_reference.tif
heldout_spring_scene123_row32,test,spring,scene_123,p133,32,,,"Official source dataset test split, in a scene absent from its listed train scenes.",heldout_spring_scene123_row32/cloudy_s2.tif,heldout_spring_scene123_row32/sar_s1_vv_vh.tif,heldout_spring_scene123_row32/clear_s2_reference.tif
heldout_spring_scene123_row33,test,spring,scene_123,p134,33,,,"Official source dataset test split, in a scene absent from its listed train scenes.",heldout_spring_scene123_row33/cloudy_s2.tif,heldout_spring_scene123_row33/sar_s1_vv_vh.tif,heldout_spring_scene123_row33/clear_s2_reference.tif
heldout_spring_scene123_row34,test,spring,scene_123,p135,34,,,"Official source dataset test split, in a scene absent from its listed train scenes.",heldout_spring_scene123_row34/cloudy_s2.tif,heldout_spring_scene123_row34/sar_s1_vv_vh.tif,heldout_spring_scene123_row34/clear_s2_reference.tif
heldout_spring_scene123_row35,test,spring,scene_123,p136,35,,,"Official source dataset test split, in a scene absent from its listed train scenes.",heldout_spring_scene123_row35/cloudy_s2.tif,heldout_spring_scene123_row35/sar_s1_vv_vh.tif,heldout_spring_scene123_row35/clear_s2_reference.tif
heldout_spring_scene123_row36,test,spring,scene_123,p137,36,,,"Official source dataset test split, in a scene absent from its listed train scenes.",heldout_spring_scene123_row36/cloudy_s2.tif,heldout_spring_scene123_row36/sar_s1_vv_vh.tif,heldout_spring_scene123_row36/clear_s2_reference.tif
heldout_spring_scene123_row37,test,spring,scene_123,p138,37,,,"Official source dataset test split, in a scene absent from its listed train scenes.",heldout_spring_scene123_row37/cloudy_s2.tif,heldout_spring_scene123_row37/sar_s1_vv_vh.tif,heldout_spring_scene123_row37/clear_s2_reference.tif
heldout_spring_scene123_row38,test,spring,scene_123,p139,38,,,"Official source dataset test split, in a scene absent from its listed train scenes.",heldout_spring_scene123_row38/cloudy_s2.tif,heldout_spring_scene123_row38/sar_s1_vv_vh.tif,heldout_spring_scene123_row38/clear_s2_reference.tif
heldout_spring_scene123_row39,test,spring,scene_123,p140,39,,,"Official source dataset test split, in a scene absent from its listed train scenes.",heldout_spring_scene123_row39/cloudy_s2.tif,heldout_spring_scene123_row39/sar_s1_vv_vh.tif,heldout_spring_scene123_row39/clear_s2_reference.tif
heldout_spring_scene123_row40,test,spring,scene_123,p141,40,,,"Official source dataset test split, in a scene absent from its listed train scenes.",heldout_spring_scene123_row40/cloudy_s2.tif,heldout_spring_scene123_row40/sar_s1_vv_vh.tif,heldout_spring_scene123_row40/clear_s2_reference.tif
heldout_spring_scene123_row41,test,spring,scene_123,p142,41,,,"Official source dataset test split, in a scene absent from its listed train scenes.",heldout_spring_scene123_row41/cloudy_s2.tif,heldout_spring_scene123_row41/sar_s1_vv_vh.tif,heldout_spring_scene123_row41/clear_s2_reference.tif
heldout_spring_scene123_row42,test,spring,scene_123,p143,42,,,"Official source dataset test split, in a scene absent from its listed train scenes.",heldout_spring_scene123_row42/cloudy_s2.tif,heldout_spring_scene123_row42/sar_s1_vv_vh.tif,heldout_spring_scene123_row42/clear_s2_reference.tif
heldout_spring_scene123_row43,test,spring,scene_123,p144,43,,,"Official source dataset test split, in a scene absent from its listed train scenes.",heldout_spring_scene123_row43/cloudy_s2.tif,heldout_spring_scene123_row43/sar_s1_vv_vh.tif,heldout_spring_scene123_row43/clear_s2_reference.tif
heldout_spring_scene123_row44,test,spring,scene_123,p146,44,,,"Official source dataset test split, in a scene absent from its listed train scenes.",heldout_spring_scene123_row44/cloudy_s2.tif,heldout_spring_scene123_row44/sar_s1_vv_vh.tif,heldout_spring_scene123_row44/clear_s2_reference.tif
heldout_spring_scene123_row45,test,spring,scene_123,p147,45,,,"Official source dataset test split, in a scene absent from its listed train scenes.",heldout_spring_scene123_row45/cloudy_s2.tif,heldout_spring_scene123_row45/sar_s1_vv_vh.tif,heldout_spring_scene123_row45/clear_s2_reference.tif
heldout_spring_scene123_row46,test,spring,scene_123,p148,46,,,"Official source dataset test split, in a scene absent from its listed train scenes.",heldout_spring_scene123_row46/cloudy_s2.tif,heldout_spring_scene123_row46/sar_s1_vv_vh.tif,heldout_spring_scene123_row46/clear_s2_reference.tif
heldout_spring_scene123_row47,test,spring,scene_123,p149,47,,,"Official source dataset test split, in a scene absent from its listed train scenes.",heldout_spring_scene123_row47/cloudy_s2.tif,heldout_spring_scene123_row47/sar_s1_vv_vh.tif,heldout_spring_scene123_row47/clear_s2_reference.tif
heldout_spring_scene123_row48,test,spring,scene_123,p150,48,,,"Official source dataset test split, in a scene absent from its listed train scenes.",heldout_spring_scene123_row48/cloudy_s2.tif,heldout_spring_scene123_row48/sar_s1_vv_vh.tif,heldout_spring_scene123_row48/clear_s2_reference.tif
heldout_spring_scene123_row49,test,spring,scene_123,p151,49,,,"Official source dataset test split, in a scene absent from its listed train scenes.",heldout_spring_scene123_row49/cloudy_s2.tif,heldout_spring_scene123_row49/sar_s1_vv_vh.tif,heldout_spring_scene123_row49/clear_s2_reference.tif
heldout_spring_scene123_row50,test,spring,scene_123,p152,50,,,"Official source dataset test split, in a scene absent from its listed train scenes.",heldout_spring_scene123_row50/cloudy_s2.tif,heldout_spring_scene123_row50/sar_s1_vv_vh.tif,heldout_spring_scene123_row50/clear_s2_reference.tif
heldout_spring_scene123_row51,test,spring,scene_123,p153,51,,,"Official source dataset test split, in a scene absent from its listed train scenes.",heldout_spring_scene123_row51/cloudy_s2.tif,heldout_spring_scene123_row51/sar_s1_vv_vh.tif,heldout_spring_scene123_row51/clear_s2_reference.tif
heldout_spring_scene123_row52,test,spring,scene_123,p154,52,,,"Official source dataset test split, in a scene absent from its listed train scenes.",heldout_spring_scene123_row52/cloudy_s2.tif,heldout_spring_scene123_row52/sar_s1_vv_vh.tif,heldout_spring_scene123_row52/clear_s2_reference.tif
heldout_spring_scene123_row53,test,spring,scene_123,p155,53,,,"Official source dataset test split, in a scene absent from its listed train scenes.",heldout_spring_scene123_row53/cloudy_s2.tif,heldout_spring_scene123_row53/sar_s1_vv_vh.tif,heldout_spring_scene123_row53/clear_s2_reference.tif
heldout_spring_scene123_row54,test,spring,scene_123,p156,54,,,"Official source dataset test split, in a scene absent from its listed train scenes.",heldout_spring_scene123_row54/cloudy_s2.tif,heldout_spring_scene123_row54/sar_s1_vv_vh.tif,heldout_spring_scene123_row54/clear_s2_reference.tif
heldout_spring_scene123_row55,test,spring,scene_123,p157,55,,,"Official source dataset test split, in a scene absent from its listed train scenes.",heldout_spring_scene123_row55/cloudy_s2.tif,heldout_spring_scene123_row55/sar_s1_vv_vh.tif,heldout_spring_scene123_row55/clear_s2_reference.tif
heldout_spring_scene123_row56,test,spring,scene_123,p158,56,,,"Official source dataset test split, in a scene absent from its listed train scenes.",heldout_spring_scene123_row56/cloudy_s2.tif,heldout_spring_scene123_row56/sar_s1_vv_vh.tif,heldout_spring_scene123_row56/clear_s2_reference.tif
heldout_spring_scene123_row57,test,spring,scene_123,p159,57,,,"Official source dataset test split, in a scene absent from its listed train scenes.",heldout_spring_scene123_row57/cloudy_s2.tif,heldout_spring_scene123_row57/sar_s1_vv_vh.tif,heldout_spring_scene123_row57/clear_s2_reference.tif
heldout_spring_scene123_row58,test,spring,scene_123,p160,58,,,"Official source dataset test split, in a scene absent from its listed train scenes.",heldout_spring_scene123_row58/cloudy_s2.tif,heldout_spring_scene123_row58/sar_s1_vv_vh.tif,heldout_spring_scene123_row58/clear_s2_reference.tif
heldout_spring_scene123_row59,test,spring,scene_123,p161,59,,,"Official source dataset test split, in a scene absent from its listed train scenes.",heldout_spring_scene123_row59/cloudy_s2.tif,heldout_spring_scene123_row59/sar_s1_vv_vh.tif,heldout_spring_scene123_row59/clear_s2_reference.tif
heldout_spring_scene123_row60,test,spring,scene_123,p162,60,,,"Official source dataset test split, in a scene absent from its listed train scenes.",heldout_spring_scene123_row60/cloudy_s2.tif,heldout_spring_scene123_row60/sar_s1_vv_vh.tif,heldout_spring_scene123_row60/clear_s2_reference.tif
heldout_spring_scene123_row61,test,spring,scene_123,p163,61,,,"Official source dataset test split, in a scene absent from its listed train scenes.",heldout_spring_scene123_row61/cloudy_s2.tif,heldout_spring_scene123_row61/sar_s1_vv_vh.tif,heldout_spring_scene123_row61/clear_s2_reference.tif
heldout_spring_scene123_row62,test,spring,scene_123,p164,62,,,"Official source dataset test split, in a scene absent from its listed train scenes.",heldout_spring_scene123_row62/cloudy_s2.tif,heldout_spring_scene123_row62/sar_s1_vv_vh.tif,heldout_spring_scene123_row62/clear_s2_reference.tif
heldout_spring_scene123_row63,test,spring,scene_123,p165,63,,,"Official source dataset test split, in a scene absent from its listed train scenes.",heldout_spring_scene123_row63/cloudy_s2.tif,heldout_spring_scene123_row63/sar_s1_vv_vh.tif,heldout_spring_scene123_row63/clear_s2_reference.tif
heldout_spring_scene123_row64,test,spring,scene_123,p166,64,,,"Official source dataset test split, in a scene absent from its listed train scenes.",heldout_spring_scene123_row64/cloudy_s2.tif,heldout_spring_scene123_row64/sar_s1_vv_vh.tif,heldout_spring_scene123_row64/clear_s2_reference.tif
heldout_spring_scene123_row65,test,spring,scene_123,p167,65,,,"Official source dataset test split, in a scene absent from its listed train scenes.",heldout_spring_scene123_row65/cloudy_s2.tif,heldout_spring_scene123_row65/sar_s1_vv_vh.tif,heldout_spring_scene123_row65/clear_s2_reference.tif
heldout_spring_scene123_row66,test,spring,scene_123,p168,66,,,"Official source dataset test split, in a scene absent from its listed train scenes.",heldout_spring_scene123_row66/cloudy_s2.tif,heldout_spring_scene123_row66/sar_s1_vv_vh.tif,heldout_spring_scene123_row66/clear_s2_reference.tif
heldout_spring_scene123_row67,test,spring,scene_123,p169,67,,,"Official source dataset test split, in a scene absent from its listed train scenes.",heldout_spring_scene123_row67/cloudy_s2.tif,heldout_spring_scene123_row67/sar_s1_vv_vh.tif,heldout_spring_scene123_row67/clear_s2_reference.tif
heldout_spring_scene123_row68,test,spring,scene_123,p170,68,,,"Official source dataset test split, in a scene absent from its listed train scenes.",heldout_spring_scene123_row68/cloudy_s2.tif,heldout_spring_scene123_row68/sar_s1_vv_vh.tif,heldout_spring_scene123_row68/clear_s2_reference.tif
heldout_spring_scene123_row69,test,spring,scene_123,p171,69,,,"Official source dataset test split, in a scene absent from its listed train scenes.",heldout_spring_scene123_row69/cloudy_s2.tif,heldout_spring_scene123_row69/sar_s1_vv_vh.tif,heldout_spring_scene123_row69/clear_s2_reference.tif
heldout_spring_scene123_row70,test,spring,scene_123,p172,70,,,"Official source dataset test split, in a scene absent from its listed train scenes.",heldout_spring_scene123_row70/cloudy_s2.tif,heldout_spring_scene123_row70/sar_s1_vv_vh.tif,heldout_spring_scene123_row70/clear_s2_reference.tif
heldout_spring_scene123_row71,test,spring,scene_123,p173,71,,,"Official source dataset test split, in a scene absent from its listed train scenes.",heldout_spring_scene123_row71/cloudy_s2.tif,heldout_spring_scene123_row71/sar_s1_vv_vh.tif,heldout_spring_scene123_row71/clear_s2_reference.tif
heldout_spring_scene123_row72,test,spring,scene_123,p175,72,,,"Official source dataset test split, in a scene absent from its listed train scenes.",heldout_spring_scene123_row72/cloudy_s2.tif,heldout_spring_scene123_row72/sar_s1_vv_vh.tif,heldout_spring_scene123_row72/clear_s2_reference.tif
heldout_spring_scene123_row73,test,spring,scene_123,p176,73,,,"Official source dataset test split, in a scene absent from its listed train scenes.",heldout_spring_scene123_row73/cloudy_s2.tif,heldout_spring_scene123_row73/sar_s1_vv_vh.tif,heldout_spring_scene123_row73/clear_s2_reference.tif
heldout_spring_scene123_row74,test,spring,scene_123,p177,74,,,"Official source dataset test split, in a scene absent from its listed train scenes.",heldout_spring_scene123_row74/cloudy_s2.tif,heldout_spring_scene123_row74/sar_s1_vv_vh.tif,heldout_spring_scene123_row74/clear_s2_reference.tif
heldout_spring_scene123_row75,test,spring,scene_123,p178,75,,,"Official source dataset test split, in a scene absent from its listed train scenes.",heldout_spring_scene123_row75/cloudy_s2.tif,heldout_spring_scene123_row75/sar_s1_vv_vh.tif,heldout_spring_scene123_row75/clear_s2_reference.tif
heldout_spring_scene123_row76,test,spring,scene_123,p179,76,,,"Official source dataset test split, in a scene absent from its listed train scenes.",heldout_spring_scene123_row76/cloudy_s2.tif,heldout_spring_scene123_row76/sar_s1_vv_vh.tif,heldout_spring_scene123_row76/clear_s2_reference.tif
heldout_spring_scene123_row77,test,spring,scene_123,p180,77,,,"Official source dataset test split, in a scene absent from its listed train scenes.",heldout_spring_scene123_row77/cloudy_s2.tif,heldout_spring_scene123_row77/sar_s1_vv_vh.tif,heldout_spring_scene123_row77/clear_s2_reference.tif
heldout_spring_scene123_row78,test,spring,scene_123,p181,78,,,"Official source dataset test split, in a scene absent from its listed train scenes.",heldout_spring_scene123_row78/cloudy_s2.tif,heldout_spring_scene123_row78/sar_s1_vv_vh.tif,heldout_spring_scene123_row78/clear_s2_reference.tif
heldout_spring_scene123_row79,test,spring,scene_123,p182,79,,,"Official source dataset test split, in a scene absent from its listed train scenes.",heldout_spring_scene123_row79/cloudy_s2.tif,heldout_spring_scene123_row79/sar_s1_vv_vh.tif,heldout_spring_scene123_row79/clear_s2_reference.tif
heldout_spring_scene123_row80,test,spring,scene_123,p183,80,,,"Official source dataset test split, in a scene absent from its listed train scenes.",heldout_spring_scene123_row80/cloudy_s2.tif,heldout_spring_scene123_row80/sar_s1_vv_vh.tif,heldout_spring_scene123_row80/clear_s2_reference.tif
heldout_spring_scene123_row81,test,spring,scene_123,p184,81,,,"Official source dataset test split, in a scene absent from its listed train scenes.",heldout_spring_scene123_row81/cloudy_s2.tif,heldout_spring_scene123_row81/sar_s1_vv_vh.tif,heldout_spring_scene123_row81/clear_s2_reference.tif
heldout_spring_scene123_row82,test,spring,scene_123,p185,82,,,"Official source dataset test split, in a scene absent from its listed train scenes.",heldout_spring_scene123_row82/cloudy_s2.tif,heldout_spring_scene123_row82/sar_s1_vv_vh.tif,heldout_spring_scene123_row82/clear_s2_reference.tif
heldout_spring_scene123_row83,test,spring,scene_123,p186,83,,,"Official source dataset test split, in a scene absent from its listed train scenes.",heldout_spring_scene123_row83/cloudy_s2.tif,heldout_spring_scene123_row83/sar_s1_vv_vh.tif,heldout_spring_scene123_row83/clear_s2_reference.tif
heldout_spring_scene123_row84,test,spring,scene_123,p187,84,,,"Official source dataset test split, in a scene absent from its listed train scenes.",heldout_spring_scene123_row84/cloudy_s2.tif,heldout_spring_scene123_row84/sar_s1_vv_vh.tif,heldout_spring_scene123_row84/clear_s2_reference.tif
heldout_spring_scene123_row85,test,spring,scene_123,p188,85,,,"Official source dataset test split, in a scene absent from its listed train scenes.",heldout_spring_scene123_row85/cloudy_s2.tif,heldout_spring_scene123_row85/sar_s1_vv_vh.tif,heldout_spring_scene123_row85/clear_s2_reference.tif
heldout_spring_scene123_row86,test,spring,scene_123,p189,86,,,"Official source dataset test split, in a scene absent from its listed train scenes.",heldout_spring_scene123_row86/cloudy_s2.tif,heldout_spring_scene123_row86/sar_s1_vv_vh.tif,heldout_spring_scene123_row86/clear_s2_reference.tif
heldout_spring_scene123_row87,test,spring,scene_123,p190,87,,,"Official source dataset test split, in a scene absent from its listed train scenes.",heldout_spring_scene123_row87/cloudy_s2.tif,heldout_spring_scene123_row87/sar_s1_vv_vh.tif,heldout_spring_scene123_row87/clear_s2_reference.tif
heldout_spring_scene123_row88,test,spring,scene_123,p191,88,,,"Official source dataset test split, in a scene absent from its listed train scenes.",heldout_spring_scene123_row88/cloudy_s2.tif,heldout_spring_scene123_row88/sar_s1_vv_vh.tif,heldout_spring_scene123_row88/clear_s2_reference.tif
heldout_spring_scene123_row89,test,spring,scene_123,p192,89,,,"Official source dataset test split, in a scene absent from its listed train scenes.",heldout_spring_scene123_row89/cloudy_s2.tif,heldout_spring_scene123_row89/sar_s1_vv_vh.tif,heldout_spring_scene123_row89/clear_s2_reference.tif
heldout_spring_scene123_row90,test,spring,scene_123,p193,90,,,"Official source dataset test split, in a scene absent from its listed train scenes.",heldout_spring_scene123_row90/cloudy_s2.tif,heldout_spring_scene123_row90/sar_s1_vv_vh.tif,heldout_spring_scene123_row90/clear_s2_reference.tif
heldout_spring_scene123_row91,test,spring,scene_123,p194,91,,,"Official source dataset test split, in a scene absent from its listed train scenes.",heldout_spring_scene123_row91/cloudy_s2.tif,heldout_spring_scene123_row91/sar_s1_vv_vh.tif,heldout_spring_scene123_row91/clear_s2_reference.tif
heldout_spring_scene123_row92,test,spring,scene_123,p195,92,,,"Official source dataset test split, in a scene absent from its listed train scenes.",heldout_spring_scene123_row92/cloudy_s2.tif,heldout_spring_scene123_row92/sar_s1_vv_vh.tif,heldout_spring_scene123_row92/clear_s2_reference.tif
heldout_spring_scene123_row93,test,spring,scene_123,p196,93,,,"Official source dataset test split, in a scene absent from its listed train scenes.",heldout_spring_scene123_row93/cloudy_s2.tif,heldout_spring_scene123_row93/sar_s1_vv_vh.tif,heldout_spring_scene123_row93/clear_s2_reference.tif
heldout_spring_scene123_row94,test,spring,scene_123,p197,94,,,"Official source dataset test split, in a scene absent from its listed train scenes.",heldout_spring_scene123_row94/cloudy_s2.tif,heldout_spring_scene123_row94/sar_s1_vv_vh.tif,heldout_spring_scene123_row94/clear_s2_reference.tif
heldout_spring_scene123_row95,test,spring,scene_123,p198,95,,,"Official source dataset test split, in a scene absent from its listed train scenes.",heldout_spring_scene123_row95/cloudy_s2.tif,heldout_spring_scene123_row95/sar_s1_vv_vh.tif,heldout_spring_scene123_row95/clear_s2_reference.tif
heldout_spring_scene140,test,spring,scene_140,p100,0,,,"Official source dataset test split, in a scene absent from its listed train scenes.",heldout_spring_scene140/cloudy_s2.tif,heldout_spring_scene140/sar_s1_vv_vh.tif,heldout_spring_scene140/clear_s2_reference.tif
heldout_spring_scene140_row1,test,spring,scene_140,p101,1,,,"Official source dataset test split, in a scene absent from its listed train scenes.",heldout_spring_scene140_row1/cloudy_s2.tif,heldout_spring_scene140_row1/sar_s1_vv_vh.tif,heldout_spring_scene140_row1/clear_s2_reference.tif
heldout_spring_scene140_row2,test,spring,scene_140,p102,2,,,"Official source dataset test split, in a scene absent from its listed train scenes.",heldout_spring_scene140_row2/cloudy_s2.tif,heldout_spring_scene140_row2/sar_s1_vv_vh.tif,heldout_spring_scene140_row2/clear_s2_reference.tif
heldout_spring_scene140_row3,test,spring,scene_140,p103,3,,,"Official source dataset test split, in a scene absent from its listed train scenes.",heldout_spring_scene140_row3/cloudy_s2.tif,heldout_spring_scene140_row3/sar_s1_vv_vh.tif,heldout_spring_scene140_row3/clear_s2_reference.tif
heldout_spring_scene140_row4,test,spring,scene_140,p104,4,,,"Official source dataset test split, in a scene absent from its listed train scenes.",heldout_spring_scene140_row4/cloudy_s2.tif,heldout_spring_scene140_row4/sar_s1_vv_vh.tif,heldout_spring_scene140_row4/clear_s2_reference.tif
heldout_spring_scene140_row5,test,spring,scene_140,p105,5,,,"Official source dataset test split, in a scene absent from its listed train scenes.",heldout_spring_scene140_row5/cloudy_s2.tif,heldout_spring_scene140_row5/sar_s1_vv_vh.tif,heldout_spring_scene140_row5/clear_s2_reference.tif
heldout_spring_scene140_row6,test,spring,scene_140,p106,6,,,"Official source dataset test split, in a scene absent from its listed train scenes.",heldout_spring_scene140_row6/cloudy_s2.tif,heldout_spring_scene140_row6/sar_s1_vv_vh.tif,heldout_spring_scene140_row6/clear_s2_reference.tif
heldout_spring_scene140_row7,test,spring,scene_140,p107,7,,,"Official source dataset test split, in a scene absent from its listed train scenes.",heldout_spring_scene140_row7/cloudy_s2.tif,heldout_spring_scene140_row7/sar_s1_vv_vh.tif,heldout_spring_scene140_row7/clear_s2_reference.tif
heldout_spring_scene140_row8,test,spring,scene_140,p108,8,,,"Official source dataset test split, in a scene absent from its listed train scenes.",heldout_spring_scene140_row8/cloudy_s2.tif,heldout_spring_scene140_row8/sar_s1_vv_vh.tif,heldout_spring_scene140_row8/clear_s2_reference.tif
heldout_spring_scene140_row9,test,spring,scene_140,p109,9,,,"Official source dataset test split, in a scene absent from its listed train scenes.",heldout_spring_scene140_row9/cloudy_s2.tif,heldout_spring_scene140_row9/sar_s1_vv_vh.tif,heldout_spring_scene140_row9/clear_s2_reference.tif
heldout_spring_scene140_row10,test,spring,scene_140,p110,10,,,"Official source dataset test split, in a scene absent from its listed train scenes.",heldout_spring_scene140_row10/cloudy_s2.tif,heldout_spring_scene140_row10/sar_s1_vv_vh.tif,heldout_spring_scene140_row10/clear_s2_reference.tif
heldout_spring_scene140_row11,test,spring,scene_140,p111,11,,,"Official source dataset test split, in a scene absent from its listed train scenes.",heldout_spring_scene140_row11/cloudy_s2.tif,heldout_spring_scene140_row11/sar_s1_vv_vh.tif,heldout_spring_scene140_row11/clear_s2_reference.tif
heldout_spring_scene140_row12,test,spring,scene_140,p112,12,,,"Official source dataset test split, in a scene absent from its listed train scenes.",heldout_spring_scene140_row12/cloudy_s2.tif,heldout_spring_scene140_row12/sar_s1_vv_vh.tif,heldout_spring_scene140_row12/clear_s2_reference.tif
heldout_spring_scene140_row13,test,spring,scene_140,p113,13,,,"Official source dataset test split, in a scene absent from its listed train scenes.",heldout_spring_scene140_row13/cloudy_s2.tif,heldout_spring_scene140_row13/sar_s1_vv_vh.tif,heldout_spring_scene140_row13/clear_s2_reference.tif
heldout_spring_scene140_row14,test,spring,scene_140,p114,14,,,"Official source dataset test split, in a scene absent from its listed train scenes.",heldout_spring_scene140_row14/cloudy_s2.tif,heldout_spring_scene140_row14/sar_s1_vv_vh.tif,heldout_spring_scene140_row14/clear_s2_reference.tif
heldout_spring_scene140_row15,test,spring,scene_140,p115,15,,,"Official source dataset test split, in a scene absent from its listed train scenes.",heldout_spring_scene140_row15/cloudy_s2.tif,heldout_spring_scene140_row15/sar_s1_vv_vh.tif,heldout_spring_scene140_row15/clear_s2_reference.tif
heldout_spring_scene140_row16,test,spring,scene_140,p116,16,,,"Official source dataset test split, in a scene absent from its listed train scenes.",heldout_spring_scene140_row16/cloudy_s2.tif,heldout_spring_scene140_row16/sar_s1_vv_vh.tif,heldout_spring_scene140_row16/clear_s2_reference.tif
heldout_spring_scene140_row17,test,spring,scene_140,p117,17,,,"Official source dataset test split, in a scene absent from its listed train scenes.",heldout_spring_scene140_row17/cloudy_s2.tif,heldout_spring_scene140_row17/sar_s1_vv_vh.tif,heldout_spring_scene140_row17/clear_s2_reference.tif
heldout_spring_scene140_row18,test,spring,scene_140,p118,18,,,"Official source dataset test split, in a scene absent from its listed train scenes.",heldout_spring_scene140_row18/cloudy_s2.tif,heldout_spring_scene140_row18/sar_s1_vv_vh.tif,heldout_spring_scene140_row18/clear_s2_reference.tif
heldout_spring_scene140_row19,test,spring,scene_140,p119,19,,,"Official source dataset test split, in a scene absent from its listed train scenes.",heldout_spring_scene140_row19/cloudy_s2.tif,heldout_spring_scene140_row19/sar_s1_vv_vh.tif,heldout_spring_scene140_row19/clear_s2_reference.tif
heldout_spring_scene140_row20,test,spring,scene_140,p120,20,,,"Official source dataset test split, in a scene absent from its listed train scenes.",heldout_spring_scene140_row20/cloudy_s2.tif,heldout_spring_scene140_row20/sar_s1_vv_vh.tif,heldout_spring_scene140_row20/clear_s2_reference.tif
heldout_spring_scene140_row21,test,spring,scene_140,p121,21,,,"Official source dataset test split, in a scene absent from its listed train scenes.",heldout_spring_scene140_row21/cloudy_s2.tif,heldout_spring_scene140_row21/sar_s1_vv_vh.tif,heldout_spring_scene140_row21/clear_s2_reference.tif
heldout_spring_scene140_row22,test,spring,scene_140,p122,22,,,"Official source dataset test split, in a scene absent from its listed train scenes.",heldout_spring_scene140_row22/cloudy_s2.tif,heldout_spring_scene140_row22/sar_s1_vv_vh.tif,heldout_spring_scene140_row22/clear_s2_reference.tif
heldout_spring_scene140_row23,test,spring,scene_140,p125,23,,,"Official source dataset test split, in a scene absent from its listed train scenes.",heldout_spring_scene140_row23/cloudy_s2.tif,heldout_spring_scene140_row23/sar_s1_vv_vh.tif,heldout_spring_scene140_row23/clear_s2_reference.tif
heldout_spring_scene140_row24,test,spring,scene_140,p126,24,,,"Official source dataset test split, in a scene absent from its listed train scenes.",heldout_spring_scene140_row24/cloudy_s2.tif,heldout_spring_scene140_row24/sar_s1_vv_vh.tif,heldout_spring_scene140_row24/clear_s2_reference.tif
heldout_spring_scene140_row25,test,spring,scene_140,p127,25,,,"Official source dataset test split, in a scene absent from its listed train scenes.",heldout_spring_scene140_row25/cloudy_s2.tif,heldout_spring_scene140_row25/sar_s1_vv_vh.tif,heldout_spring_scene140_row25/clear_s2_reference.tif
heldout_spring_scene140_row26,test,spring,scene_140,p128,26,,,"Official source dataset test split, in a scene absent from its listed train scenes.",heldout_spring_scene140_row26/cloudy_s2.tif,heldout_spring_scene140_row26/sar_s1_vv_vh.tif,heldout_spring_scene140_row26/clear_s2_reference.tif
heldout_spring_scene140_row27,test,spring,scene_140,p129,27,,,"Official source dataset test split, in a scene absent from its listed train scenes.",heldout_spring_scene140_row27/cloudy_s2.tif,heldout_spring_scene140_row27/sar_s1_vv_vh.tif,heldout_spring_scene140_row27/clear_s2_reference.tif
heldout_spring_scene140_row28,test,spring,scene_140,p130,28,,,"Official source dataset test split, in a scene absent from its listed train scenes.",heldout_spring_scene140_row28/cloudy_s2.tif,heldout_spring_scene140_row28/sar_s1_vv_vh.tif,heldout_spring_scene140_row28/clear_s2_reference.tif
heldout_spring_scene140_row29,test,spring,scene_140,p131,29,,,"Official source dataset test split, in a scene absent from its listed train scenes.",heldout_spring_scene140_row29/cloudy_s2.tif,heldout_spring_scene140_row29/sar_s1_vv_vh.tif,heldout_spring_scene140_row29/clear_s2_reference.tif
heldout_spring_scene140_row30,test,spring,scene_140,p132,30,,,"Official source dataset test split, in a scene absent from its listed train scenes.",heldout_spring_scene140_row30/cloudy_s2.tif,heldout_spring_scene140_row30/sar_s1_vv_vh.tif,heldout_spring_scene140_row30/clear_s2_reference.tif
heldout_spring_scene140_row31,test,spring,scene_140,p133,31,,,"Official source dataset test split, in a scene absent from its listed train scenes.",heldout_spring_scene140_row31/cloudy_s2.tif,heldout_spring_scene140_row31/sar_s1_vv_vh.tif,heldout_spring_scene140_row31/clear_s2_reference.tif
heldout_spring_scene140_row32,test,spring,scene_140,p134,32,,,"Official source dataset test split, in a scene absent from its listed train scenes.",heldout_spring_scene140_row32/cloudy_s2.tif,heldout_spring_scene140_row32/sar_s1_vv_vh.tif,heldout_spring_scene140_row32/clear_s2_reference.tif
heldout_spring_scene140_row33,test,spring,scene_140,p135,33,,,"Official source dataset test split, in a scene absent from its listed train scenes.",heldout_spring_scene140_row33/cloudy_s2.tif,heldout_spring_scene140_row33/sar_s1_vv_vh.tif,heldout_spring_scene140_row33/clear_s2_reference.tif
heldout_spring_scene140_row34,test,spring,scene_140,p136,34,,,"Official source dataset test split, in a scene absent from its listed train scenes.",heldout_spring_scene140_row34/cloudy_s2.tif,heldout_spring_scene140_row34/sar_s1_vv_vh.tif,heldout_spring_scene140_row34/clear_s2_reference.tif
heldout_spring_scene140_row35,test,spring,scene_140,p137,35,,,"Official source dataset test split, in a scene absent from its listed train scenes.",heldout_spring_scene140_row35/cloudy_s2.tif,heldout_spring_scene140_row35/sar_s1_vv_vh.tif,heldout_spring_scene140_row35/clear_s2_reference.tif
heldout_spring_scene140_row36,test,spring,scene_140,p138,36,,,"Official source dataset test split, in a scene absent from its listed train scenes.",heldout_spring_scene140_row36/cloudy_s2.tif,heldout_spring_scene140_row36/sar_s1_vv_vh.tif,heldout_spring_scene140_row36/clear_s2_reference.tif
heldout_spring_scene140_row37,test,spring,scene_140,p139,37,,,"Official source dataset test split, in a scene absent from its listed train scenes.",heldout_spring_scene140_row37/cloudy_s2.tif,heldout_spring_scene140_row37/sar_s1_vv_vh.tif,heldout_spring_scene140_row37/clear_s2_reference.tif
heldout_spring_scene140_row38,test,spring,scene_140,p140,38,,,"Official source dataset test split, in a scene absent from its listed train scenes.",heldout_spring_scene140_row38/cloudy_s2.tif,heldout_spring_scene140_row38/sar_s1_vv_vh.tif,heldout_spring_scene140_row38/clear_s2_reference.tif
heldout_spring_scene140_row39,test,spring,scene_140,p141,39,,,"Official source dataset test split, in a scene absent from its listed train scenes.",heldout_spring_scene140_row39/cloudy_s2.tif,heldout_spring_scene140_row39/sar_s1_vv_vh.tif,heldout_spring_scene140_row39/clear_s2_reference.tif
heldout_spring_scene140_row40,test,spring,scene_140,p142,40,,,"Official source dataset test split, in a scene absent from its listed train scenes.",heldout_spring_scene140_row40/cloudy_s2.tif,heldout_spring_scene140_row40/sar_s1_vv_vh.tif,heldout_spring_scene140_row40/clear_s2_reference.tif
heldout_spring_scene140_row41,test,spring,scene_140,p143,41,,,"Official source dataset test split, in a scene absent from its listed train scenes.",heldout_spring_scene140_row41/cloudy_s2.tif,heldout_spring_scene140_row41/sar_s1_vv_vh.tif,heldout_spring_scene140_row41/clear_s2_reference.tif
heldout_spring_scene140_row42,test,spring,scene_140,p144,42,,,"Official source dataset test split, in a scene absent from its listed train scenes.",heldout_spring_scene140_row42/cloudy_s2.tif,heldout_spring_scene140_row42/sar_s1_vv_vh.tif,heldout_spring_scene140_row42/clear_s2_reference.tif
heldout_spring_scene140_row43,test,spring,scene_140,p145,43,,,"Official source dataset test split, in a scene absent from its listed train scenes.",heldout_spring_scene140_row43/cloudy_s2.tif,heldout_spring_scene140_row43/sar_s1_vv_vh.tif,heldout_spring_scene140_row43/clear_s2_reference.tif
heldout_spring_scene140_row44,test,spring,scene_140,p146,44,,,"Official source dataset test split, in a scene absent from its listed train scenes.",heldout_spring_scene140_row44/cloudy_s2.tif,heldout_spring_scene140_row44/sar_s1_vv_vh.tif,heldout_spring_scene140_row44/clear_s2_reference.tif
heldout_spring_scene140_row45,test,spring,scene_140,p147,45,,,"Official source dataset test split, in a scene absent from its listed train scenes.",heldout_spring_scene140_row45/cloudy_s2.tif,heldout_spring_scene140_row45/sar_s1_vv_vh.tif,heldout_spring_scene140_row45/clear_s2_reference.tif
heldout_spring_scene140_row46,test,spring,scene_140,p148,46,,,"Official source dataset test split, in a scene absent from its listed train scenes.",heldout_spring_scene140_row46/cloudy_s2.tif,heldout_spring_scene140_row46/sar_s1_vv_vh.tif,heldout_spring_scene140_row46/clear_s2_reference.tif
heldout_spring_scene140_row47,test,spring,scene_140,p149,47,,,"Official source dataset test split, in a scene absent from its listed train scenes.",heldout_spring_scene140_row47/cloudy_s2.tif,heldout_spring_scene140_row47/sar_s1_vv_vh.tif,heldout_spring_scene140_row47/clear_s2_reference.tif
heldout_spring_scene140_row48,test,spring,scene_140,p150,48,,,"Official source dataset test split, in a scene absent from its listed train scenes.",heldout_spring_scene140_row48/cloudy_s2.tif,heldout_spring_scene140_row48/sar_s1_vv_vh.tif,heldout_spring_scene140_row48/clear_s2_reference.tif
heldout_spring_scene140_row49,test,spring,scene_140,p151,49,,,"Official source dataset test split, in a scene absent from its listed train scenes.",heldout_spring_scene140_row49/cloudy_s2.tif,heldout_spring_scene140_row49/sar_s1_vv_vh.tif,heldout_spring_scene140_row49/clear_s2_reference.tif
heldout_spring_scene140_row50,test,spring,scene_140,p152,50,,,"Official source dataset test split, in a scene absent from its listed train scenes.",heldout_spring_scene140_row50/cloudy_s2.tif,heldout_spring_scene140_row50/sar_s1_vv_vh.tif,heldout_spring_scene140_row50/clear_s2_reference.tif
heldout_spring_scene140_row51,test,spring,scene_140,p153,51,,,"Official source dataset test split, in a scene absent from its listed train scenes.",heldout_spring_scene140_row51/cloudy_s2.tif,heldout_spring_scene140_row51/sar_s1_vv_vh.tif,heldout_spring_scene140_row51/clear_s2_reference.tif
heldout_spring_scene140_row52,test,spring,scene_140,p156,52,,,"Official source dataset test split, in a scene absent from its listed train scenes.",heldout_spring_scene140_row52/cloudy_s2.tif,heldout_spring_scene140_row52/sar_s1_vv_vh.tif,heldout_spring_scene140_row52/clear_s2_reference.tif
heldout_spring_scene140_row53,test,spring,scene_140,p157,53,,,"Official source dataset test split, in a scene absent from its listed train scenes.",heldout_spring_scene140_row53/cloudy_s2.tif,heldout_spring_scene140_row53/sar_s1_vv_vh.tif,heldout_spring_scene140_row53/clear_s2_reference.tif
heldout_spring_scene140_row54,test,spring,scene_140,p158,54,,,"Official source dataset test split, in a scene absent from its listed train scenes.",heldout_spring_scene140_row54/cloudy_s2.tif,heldout_spring_scene140_row54/sar_s1_vv_vh.tif,heldout_spring_scene140_row54/clear_s2_reference.tif
heldout_spring_scene140_row55,test,spring,scene_140,p159,55,,,"Official source dataset test split, in a scene absent from its listed train scenes.",heldout_spring_scene140_row55/cloudy_s2.tif,heldout_spring_scene140_row55/sar_s1_vv_vh.tif,heldout_spring_scene140_row55/clear_s2_reference.tif
heldout_spring_scene140_row56,test,spring,scene_140,p160,56,,,"Official source dataset test split, in a scene absent from its listed train scenes.",heldout_spring_scene140_row56/cloudy_s2.tif,heldout_spring_scene140_row56/sar_s1_vv_vh.tif,heldout_spring_scene140_row56/clear_s2_reference.tif
heldout_spring_scene140_row57,test,spring,scene_140,p161,57,,,"Official source dataset test split, in a scene absent from its listed train scenes.",heldout_spring_scene140_row57/cloudy_s2.tif,heldout_spring_scene140_row57/sar_s1_vv_vh.tif,heldout_spring_scene140_row57/clear_s2_reference.tif
heldout_spring_scene140_row58,test,spring,scene_140,p162,58,,,"Official source dataset test split, in a scene absent from its listed train scenes.",heldout_spring_scene140_row58/cloudy_s2.tif,heldout_spring_scene140_row58/sar_s1_vv_vh.tif,heldout_spring_scene140_row58/clear_s2_reference.tif
heldout_spring_scene140_row59,test,spring,scene_140,p163,59,,,"Official source dataset test split, in a scene absent from its listed train scenes.",heldout_spring_scene140_row59/cloudy_s2.tif,heldout_spring_scene140_row59/sar_s1_vv_vh.tif,heldout_spring_scene140_row59/clear_s2_reference.tif
heldout_spring_scene140_row60,test,spring,scene_140,p164,60,,,"Official source dataset test split, in a scene absent from its listed train scenes.",heldout_spring_scene140_row60/cloudy_s2.tif,heldout_spring_scene140_row60/sar_s1_vv_vh.tif,heldout_spring_scene140_row60/clear_s2_reference.tif
heldout_spring_scene140_row61,test,spring,scene_140,p165,61,,,"Official source dataset test split, in a scene absent from its listed train scenes.",heldout_spring_scene140_row61/cloudy_s2.tif,heldout_spring_scene140_row61/sar_s1_vv_vh.tif,heldout_spring_scene140_row61/clear_s2_reference.tif
heldout_spring_scene140_row62,test,spring,scene_140,p166,62,,,"Official source dataset test split, in a scene absent from its listed train scenes.",heldout_spring_scene140_row62/cloudy_s2.tif,heldout_spring_scene140_row62/sar_s1_vv_vh.tif,heldout_spring_scene140_row62/clear_s2_reference.tif
heldout_spring_scene140_row63,test,spring,scene_140,p167,63,,,"Official source dataset test split, in a scene absent from its listed train scenes.",heldout_spring_scene140_row63/cloudy_s2.tif,heldout_spring_scene140_row63/sar_s1_vv_vh.tif,heldout_spring_scene140_row63/clear_s2_reference.tif
heldout_spring_scene140_row64,test,spring,scene_140,p168,64,,,"Official source dataset test split, in a scene absent from its listed train scenes.",heldout_spring_scene140_row64/cloudy_s2.tif,heldout_spring_scene140_row64/sar_s1_vv_vh.tif,heldout_spring_scene140_row64/clear_s2_reference.tif
heldout_spring_scene140_row65,test,spring,scene_140,p169,65,,,"Official source dataset test split, in a scene absent from its listed train scenes.",heldout_spring_scene140_row65/cloudy_s2.tif,heldout_spring_scene140_row65/sar_s1_vv_vh.tif,heldout_spring_scene140_row65/clear_s2_reference.tif
heldout_spring_scene140_row66,test,spring,scene_140,p170,66,,,"Official source dataset test split, in a scene absent from its listed train scenes.",heldout_spring_scene140_row66/cloudy_s2.tif,heldout_spring_scene140_row66/sar_s1_vv_vh.tif,heldout_spring_scene140_row66/clear_s2_reference.tif
heldout_spring_scene140_row67,test,spring,scene_140,p171,67,,,"Official source dataset test split, in a scene absent from its listed train scenes.",heldout_spring_scene140_row67/cloudy_s2.tif,heldout_spring_scene140_row67/sar_s1_vv_vh.tif,heldout_spring_scene140_row67/clear_s2_reference.tif
heldout_spring_scene140_row68,test,spring,scene_140,p172,68,,,"Official source dataset test split, in a scene absent from its listed train scenes.",heldout_spring_scene140_row68/cloudy_s2.tif,heldout_spring_scene140_row68/sar_s1_vv_vh.tif,heldout_spring_scene140_row68/clear_s2_reference.tif
heldout_spring_scene140_row69,test,spring,scene_140,p173,69,,,"Official source dataset test split, in a scene absent from its listed train scenes.",heldout_spring_scene140_row69/cloudy_s2.tif,heldout_spring_scene140_row69/sar_s1_vv_vh.tif,heldout_spring_scene140_row69/clear_s2_reference.tif
heldout_spring_scene140_row70,test,spring,scene_140,p174,70,,,"Official source dataset test split, in a scene absent from its listed train scenes.",heldout_spring_scene140_row70/cloudy_s2.tif,heldout_spring_scene140_row70/sar_s1_vv_vh.tif,heldout_spring_scene140_row70/clear_s2_reference.tif
heldout_spring_scene140_row71,test,spring,scene_140,p175,71,,,"Official source dataset test split, in a scene absent from its listed train scenes.",heldout_spring_scene140_row71/cloudy_s2.tif,heldout_spring_scene140_row71/sar_s1_vv_vh.tif,heldout_spring_scene140_row71/clear_s2_reference.tif
heldout_spring_scene140_row72,test,spring,scene_140,p176,72,,,"Official source dataset test split, in a scene absent from its listed train scenes.",heldout_spring_scene140_row72/cloudy_s2.tif,heldout_spring_scene140_row72/sar_s1_vv_vh.tif,heldout_spring_scene140_row72/clear_s2_reference.tif
heldout_spring_scene140_row73,test,spring,scene_140,p177,73,,,"Official source dataset test split, in a scene absent from its listed train scenes.",heldout_spring_scene140_row73/cloudy_s2.tif,heldout_spring_scene140_row73/sar_s1_vv_vh.tif,heldout_spring_scene140_row73/clear_s2_reference.tif
heldout_spring_scene140_row74,test,spring,scene_140,p178,74,,,"Official source dataset test split, in a scene absent from its listed train scenes.",heldout_spring_scene140_row74/cloudy_s2.tif,heldout_spring_scene140_row74/sar_s1_vv_vh.tif,heldout_spring_scene140_row74/clear_s2_reference.tif
heldout_spring_scene140_row75,test,spring,scene_140,p179,75,,,"Official source dataset test split, in a scene absent from its listed train scenes.",heldout_spring_scene140_row75/cloudy_s2.tif,heldout_spring_scene140_row75/sar_s1_vv_vh.tif,heldout_spring_scene140_row75/clear_s2_reference.tif
heldout_spring_scene140_row76,test,spring,scene_140,p180,76,,,"Official source dataset test split, in a scene absent from its listed train scenes.",heldout_spring_scene140_row76/cloudy_s2.tif,heldout_spring_scene140_row76/sar_s1_vv_vh.tif,heldout_spring_scene140_row76/clear_s2_reference.tif
heldout_spring_scene140_row77,test,spring,scene_140,p181,77,,,"Official source dataset test split, in a scene absent from its listed train scenes.",heldout_spring_scene140_row77/cloudy_s2.tif,heldout_spring_scene140_row77/sar_s1_vv_vh.tif,heldout_spring_scene140_row77/clear_s2_reference.tif
heldout_spring_scene140_row78,test,spring,scene_140,p182,78,,,"Official source dataset test split, in a scene absent from its listed train scenes.",heldout_spring_scene140_row78/cloudy_s2.tif,heldout_spring_scene140_row78/sar_s1_vv_vh.tif,heldout_spring_scene140_row78/clear_s2_reference.tif
heldout_spring_scene140_row79,test,spring,scene_140,p183,79,,,"Official source dataset test split, in a scene absent from its listed train scenes.",heldout_spring_scene140_row79/cloudy_s2.tif,heldout_spring_scene140_row79/sar_s1_vv_vh.tif,heldout_spring_scene140_row79/clear_s2_reference.tif
heldout_spring_scene140_row80,test,spring,scene_140,p184,80,,,"Official source dataset test split, in a scene absent from its listed train scenes.",heldout_spring_scene140_row80/cloudy_s2.tif,heldout_spring_scene140_row80/sar_s1_vv_vh.tif,heldout_spring_scene140_row80/clear_s2_reference.tif
heldout_spring_scene140_row81,test,spring,scene_140,p187,81,,,"Official source dataset test split, in a scene absent from its listed train scenes.",heldout_spring_scene140_row81/cloudy_s2.tif,heldout_spring_scene140_row81/sar_s1_vv_vh.tif,heldout_spring_scene140_row81/clear_s2_reference.tif
heldout_spring_scene140_row82,test,spring,scene_140,p188,82,,,"Official source dataset test split, in a scene absent from its listed train scenes.",heldout_spring_scene140_row82/cloudy_s2.tif,heldout_spring_scene140_row82/sar_s1_vv_vh.tif,heldout_spring_scene140_row82/clear_s2_reference.tif
heldout_spring_scene140_row83,test,spring,scene_140,p189,83,,,"Official source dataset test split, in a scene absent from its listed train scenes.",heldout_spring_scene140_row83/cloudy_s2.tif,heldout_spring_scene140_row83/sar_s1_vv_vh.tif,heldout_spring_scene140_row83/clear_s2_reference.tif
heldout_spring_scene140_row84,test,spring,scene_140,p190,84,,,"Official source dataset test split, in a scene absent from its listed train scenes.",heldout_spring_scene140_row84/cloudy_s2.tif,heldout_spring_scene140_row84/sar_s1_vv_vh.tif,heldout_spring_scene140_row84/clear_s2_reference.tif
heldout_spring_scene140_row85,test,spring,scene_140,p191,85,,,"Official source dataset test split, in a scene absent from its listed train scenes.",heldout_spring_scene140_row85/cloudy_s2.tif,heldout_spring_scene140_row85/sar_s1_vv_vh.tif,heldout_spring_scene140_row85/clear_s2_reference.tif
heldout_spring_scene140_row86,test,spring,scene_140,p192,86,,,"Official source dataset test split, in a scene absent from its listed train scenes.",heldout_spring_scene140_row86/cloudy_s2.tif,heldout_spring_scene140_row86/sar_s1_vv_vh.tif,heldout_spring_scene140_row86/clear_s2_reference.tif
heldout_spring_scene140_row87,test,spring,scene_140,p193,87,,,"Official source dataset test split, in a scene absent from its listed train scenes.",heldout_spring_scene140_row87/cloudy_s2.tif,heldout_spring_scene140_row87/sar_s1_vv_vh.tif,heldout_spring_scene140_row87/clear_s2_reference.tif
heldout_spring_scene140_row88,test,spring,scene_140,p194,88,,,"Official source dataset test split, in a scene absent from its listed train scenes.",heldout_spring_scene140_row88/cloudy_s2.tif,heldout_spring_scene140_row88/sar_s1_vv_vh.tif,heldout_spring_scene140_row88/clear_s2_reference.tif
heldout_spring_scene140_row89,test,spring,scene_140,p195,89,,,"Official source dataset test split, in a scene absent from its listed train scenes.",heldout_spring_scene140_row89/cloudy_s2.tif,heldout_spring_scene140_row89/sar_s1_vv_vh.tif,heldout_spring_scene140_row89/clear_s2_reference.tif
heldout_spring_scene140_row90,test,spring,scene_140,p196,90,,,"Official source dataset test split, in a scene absent from its listed train scenes.",heldout_spring_scene140_row90/cloudy_s2.tif,heldout_spring_scene140_row90/sar_s1_vv_vh.tif,heldout_spring_scene140_row90/clear_s2_reference.tif
heldout_spring_scene140_row91,test,spring,scene_140,p197,91,,,"Official source dataset test split, in a scene absent from its listed train scenes.",heldout_spring_scene140_row91/cloudy_s2.tif,heldout_spring_scene140_row91/sar_s1_vv_vh.tif,heldout_spring_scene140_row91/clear_s2_reference.tif
heldout_spring_scene140_row92,test,spring,scene_140,p198,92,,,"Official source dataset test split, in a scene absent from its listed train scenes.",heldout_spring_scene140_row92/cloudy_s2.tif,heldout_spring_scene140_row92/sar_s1_vv_vh.tif,heldout_spring_scene140_row92/clear_s2_reference.tif
heldout_spring_scene140_row93,test,spring,scene_140,p199,93,,,"Official source dataset test split, in a scene absent from its listed train scenes.",heldout_spring_scene140_row93/cloudy_s2.tif,heldout_spring_scene140_row93/sar_s1_vv_vh.tif,heldout_spring_scene140_row93/clear_s2_reference.tif
heldout_spring_scene140_row94,test,spring,scene_140,p200,94,,,"Official source dataset test split, in a scene absent from its listed train scenes.",heldout_spring_scene140_row94/cloudy_s2.tif,heldout_spring_scene140_row94/sar_s1_vv_vh.tif,heldout_spring_scene140_row94/clear_s2_reference.tif
heldout_spring_scene140_row95,test,spring,scene_140,p201,95,,,"Official source dataset test split, in a scene absent from its listed train scenes.",heldout_spring_scene140_row95/cloudy_s2.tif,heldout_spring_scene140_row95/sar_s1_vv_vh.tif,heldout_spring_scene140_row95/clear_s2_reference.tif
heldout_summer_scene73,test,summer,scene_73,p100,0,,,"Official source dataset test split, in a scene absent from its listed train scenes.",heldout_summer_scene73/cloudy_s2.tif,heldout_summer_scene73/sar_s1_vv_vh.tif,heldout_summer_scene73/clear_s2_reference.tif
heldout_summer_scene73_row1,test,summer,scene_73,p101,1,,,"Official source dataset test split, in a scene absent from its listed train scenes.",heldout_summer_scene73_row1/cloudy_s2.tif,heldout_summer_scene73_row1/sar_s1_vv_vh.tif,heldout_summer_scene73_row1/clear_s2_reference.tif
heldout_summer_scene73_row2,test,summer,scene_73,p102,2,,,"Official source dataset test split, in a scene absent from its listed train scenes.",heldout_summer_scene73_row2/cloudy_s2.tif,heldout_summer_scene73_row2/sar_s1_vv_vh.tif,heldout_summer_scene73_row2/clear_s2_reference.tif
heldout_summer_scene73_row3,test,summer,scene_73,p103,3,,,"Official source dataset test split, in a scene absent from its listed train scenes.",heldout_summer_scene73_row3/cloudy_s2.tif,heldout_summer_scene73_row3/sar_s1_vv_vh.tif,heldout_summer_scene73_row3/clear_s2_reference.tif
heldout_summer_scene73_row4,test,summer,scene_73,p104,4,,,"Official source dataset test split, in a scene absent from its listed train scenes.",heldout_summer_scene73_row4/cloudy_s2.tif,heldout_summer_scene73_row4/sar_s1_vv_vh.tif,heldout_summer_scene73_row4/clear_s2_reference.tif
heldout_summer_scene73_row5,test,summer,scene_73,p105,5,,,"Official source dataset test split, in a scene absent from its listed train scenes.",heldout_summer_scene73_row5/cloudy_s2.tif,heldout_summer_scene73_row5/sar_s1_vv_vh.tif,heldout_summer_scene73_row5/clear_s2_reference.tif
heldout_summer_scene73_row6,test,summer,scene_73,p106,6,,,"Official source dataset test split, in a scene absent from its listed train scenes.",heldout_summer_scene73_row6/cloudy_s2.tif,heldout_summer_scene73_row6/sar_s1_vv_vh.tif,heldout_summer_scene73_row6/clear_s2_reference.tif
heldout_summer_scene73_row7,test,summer,scene_73,p107,7,,,"Official source dataset test split, in a scene absent from its listed train scenes.",heldout_summer_scene73_row7/cloudy_s2.tif,heldout_summer_scene73_row7/sar_s1_vv_vh.tif,heldout_summer_scene73_row7/clear_s2_reference.tif
heldout_summer_scene73_row8,test,summer,scene_73,p108,8,,,"Official source dataset test split, in a scene absent from its listed train scenes.",heldout_summer_scene73_row8/cloudy_s2.tif,heldout_summer_scene73_row8/sar_s1_vv_vh.tif,heldout_summer_scene73_row8/clear_s2_reference.tif
heldout_summer_scene73_row9,test,summer,scene_73,p109,9,,,"Official source dataset test split, in a scene absent from its listed train scenes.",heldout_summer_scene73_row9/cloudy_s2.tif,heldout_summer_scene73_row9/sar_s1_vv_vh.tif,heldout_summer_scene73_row9/clear_s2_reference.tif
heldout_summer_scene73_row10,test,summer,scene_73,p110,10,,,"Official source dataset test split, in a scene absent from its listed train scenes.",heldout_summer_scene73_row10/cloudy_s2.tif,heldout_summer_scene73_row10/sar_s1_vv_vh.tif,heldout_summer_scene73_row10/clear_s2_reference.tif
heldout_summer_scene73_row11,test,summer,scene_73,p111,11,,,"Official source dataset test split, in a scene absent from its listed train scenes.",heldout_summer_scene73_row11/cloudy_s2.tif,heldout_summer_scene73_row11/sar_s1_vv_vh.tif,heldout_summer_scene73_row11/clear_s2_reference.tif
heldout_summer_scene73_row12,test,summer,scene_73,p112,12,,,"Official source dataset test split, in a scene absent from its listed train scenes.",heldout_summer_scene73_row12/cloudy_s2.tif,heldout_summer_scene73_row12/sar_s1_vv_vh.tif,heldout_summer_scene73_row12/clear_s2_reference.tif
heldout_summer_scene73_row13,test,summer,scene_73,p113,13,,,"Official source dataset test split, in a scene absent from its listed train scenes.",heldout_summer_scene73_row13/cloudy_s2.tif,heldout_summer_scene73_row13/sar_s1_vv_vh.tif,heldout_summer_scene73_row13/clear_s2_reference.tif
heldout_summer_scene73_row14,test,summer,scene_73,p114,14,,,"Official source dataset test split, in a scene absent from its listed train scenes.",heldout_summer_scene73_row14/cloudy_s2.tif,heldout_summer_scene73_row14/sar_s1_vv_vh.tif,heldout_summer_scene73_row14/clear_s2_reference.tif
heldout_summer_scene73_row15,test,summer,scene_73,p115,15,,,"Official source dataset test split, in a scene absent from its listed train scenes.",heldout_summer_scene73_row15/cloudy_s2.tif,heldout_summer_scene73_row15/sar_s1_vv_vh.tif,heldout_summer_scene73_row15/clear_s2_reference.tif
heldout_summer_scene73_row16,test,summer,scene_73,p117,16,,,"Official source dataset test split, in a scene absent from its listed train scenes.",heldout_summer_scene73_row16/cloudy_s2.tif,heldout_summer_scene73_row16/sar_s1_vv_vh.tif,heldout_summer_scene73_row16/clear_s2_reference.tif
heldout_summer_scene73_row17,test,summer,scene_73,p118,17,,,"Official source dataset test split, in a scene absent from its listed train scenes.",heldout_summer_scene73_row17/cloudy_s2.tif,heldout_summer_scene73_row17/sar_s1_vv_vh.tif,heldout_summer_scene73_row17/clear_s2_reference.tif
heldout_summer_scene73_row18,test,summer,scene_73,p119,18,,,"Official source dataset test split, in a scene absent from its listed train scenes.",heldout_summer_scene73_row18/cloudy_s2.tif,heldout_summer_scene73_row18/sar_s1_vv_vh.tif,heldout_summer_scene73_row18/clear_s2_reference.tif
heldout_summer_scene73_row19,test,summer,scene_73,p120,19,,,"Official source dataset test split, in a scene absent from its listed train scenes.",heldout_summer_scene73_row19/cloudy_s2.tif,heldout_summer_scene73_row19/sar_s1_vv_vh.tif,heldout_summer_scene73_row19/clear_s2_reference.tif
heldout_summer_scene73_row20,test,summer,scene_73,p121,20,,,"Official source dataset test split, in a scene absent from its listed train scenes.",heldout_summer_scene73_row20/cloudy_s2.tif,heldout_summer_scene73_row20/sar_s1_vv_vh.tif,heldout_summer_scene73_row20/clear_s2_reference.tif
heldout_summer_scene73_row21,test,summer,scene_73,p122,21,,,"Official source dataset test split, in a scene absent from its listed train scenes.",heldout_summer_scene73_row21/cloudy_s2.tif,heldout_summer_scene73_row21/sar_s1_vv_vh.tif,heldout_summer_scene73_row21/clear_s2_reference.tif
heldout_summer_scene73_row22,test,summer,scene_73,p123,22,,,"Official source dataset test split, in a scene absent from its listed train scenes.",heldout_summer_scene73_row22/cloudy_s2.tif,heldout_summer_scene73_row22/sar_s1_vv_vh.tif,heldout_summer_scene73_row22/clear_s2_reference.tif
heldout_summer_scene73_row23,test,summer,scene_73,p124,23,,,"Official source dataset test split, in a scene absent from its listed train scenes.",heldout_summer_scene73_row23/cloudy_s2.tif,heldout_summer_scene73_row23/sar_s1_vv_vh.tif,heldout_summer_scene73_row23/clear_s2_reference.tif
heldout_summer_scene73_row24,test,summer,scene_73,p125,24,,,"Official source dataset test split, in a scene absent from its listed train scenes.",heldout_summer_scene73_row24/cloudy_s2.tif,heldout_summer_scene73_row24/sar_s1_vv_vh.tif,heldout_summer_scene73_row24/clear_s2_reference.tif
heldout_summer_scene73_row25,test,summer,scene_73,p126,25,,,"Official source dataset test split, in a scene absent from its listed train scenes.",heldout_summer_scene73_row25/cloudy_s2.tif,heldout_summer_scene73_row25/sar_s1_vv_vh.tif,heldout_summer_scene73_row25/clear_s2_reference.tif
heldout_summer_scene73_row26,test,summer,scene_73,p127,26,,,"Official source dataset test split, in a scene absent from its listed train scenes.",heldout_summer_scene73_row26/cloudy_s2.tif,heldout_summer_scene73_row26/sar_s1_vv_vh.tif,heldout_summer_scene73_row26/clear_s2_reference.tif
heldout_summer_scene73_row27,test,summer,scene_73,p128,27,,,"Official source dataset test split, in a scene absent from its listed train scenes.",heldout_summer_scene73_row27/cloudy_s2.tif,heldout_summer_scene73_row27/sar_s1_vv_vh.tif,heldout_summer_scene73_row27/clear_s2_reference.tif
heldout_summer_scene73_row28,test,summer,scene_73,p129,28,,,"Official source dataset test split, in a scene absent from its listed train scenes.",heldout_summer_scene73_row28/cloudy_s2.tif,heldout_summer_scene73_row28/sar_s1_vv_vh.tif,heldout_summer_scene73_row28/clear_s2_reference.tif
heldout_summer_scene73_row29,test,summer,scene_73,p130,29,,,"Official source dataset test split, in a scene absent from its listed train scenes.",heldout_summer_scene73_row29/cloudy_s2.tif,heldout_summer_scene73_row29/sar_s1_vv_vh.tif,heldout_summer_scene73_row29/clear_s2_reference.tif
heldout_summer_scene73_row30,test,summer,scene_73,p131,30,,,"Official source dataset test split, in a scene absent from its listed train scenes.",heldout_summer_scene73_row30/cloudy_s2.tif,heldout_summer_scene73_row30/sar_s1_vv_vh.tif,heldout_summer_scene73_row30/clear_s2_reference.tif
heldout_summer_scene73_row31,test,summer,scene_73,p132,31,,,"Official source dataset test split, in a scene absent from its listed train scenes.",heldout_summer_scene73_row31/cloudy_s2.tif,heldout_summer_scene73_row31/sar_s1_vv_vh.tif,heldout_summer_scene73_row31/clear_s2_reference.tif
heldout_summer_scene73_row32,test,summer,scene_73,p133,32,,,"Official source dataset test split, in a scene absent from its listed train scenes.",heldout_summer_scene73_row32/cloudy_s2.tif,heldout_summer_scene73_row32/sar_s1_vv_vh.tif,heldout_summer_scene73_row32/clear_s2_reference.tif
heldout_summer_scene73_row33,test,summer,scene_73,p134,33,,,"Official source dataset test split, in a scene absent from its listed train scenes.",heldout_summer_scene73_row33/cloudy_s2.tif,heldout_summer_scene73_row33/sar_s1_vv_vh.tif,heldout_summer_scene73_row33/clear_s2_reference.tif
heldout_summer_scene73_row34,test,summer,scene_73,p135,34,,,"Official source dataset test split, in a scene absent from its listed train scenes.",heldout_summer_scene73_row34/cloudy_s2.tif,heldout_summer_scene73_row34/sar_s1_vv_vh.tif,heldout_summer_scene73_row34/clear_s2_reference.tif
heldout_summer_scene73_row35,test,summer,scene_73,p136,35,,,"Official source dataset test split, in a scene absent from its listed train scenes.",heldout_summer_scene73_row35/cloudy_s2.tif,heldout_summer_scene73_row35/sar_s1_vv_vh.tif,heldout_summer_scene73_row35/clear_s2_reference.tif
heldout_summer_scene73_row36,test,summer,scene_73,p137,36,,,"Official source dataset test split, in a scene absent from its listed train scenes.",heldout_summer_scene73_row36/cloudy_s2.tif,heldout_summer_scene73_row36/sar_s1_vv_vh.tif,heldout_summer_scene73_row36/clear_s2_reference.tif
heldout_summer_scene73_row37,test,summer,scene_73,p138,37,,,"Official source dataset test split, in a scene absent from its listed train scenes.",heldout_summer_scene73_row37/cloudy_s2.tif,heldout_summer_scene73_row37/sar_s1_vv_vh.tif,heldout_summer_scene73_row37/clear_s2_reference.tif
heldout_summer_scene73_row38,test,summer,scene_73,p139,38,,,"Official source dataset test split, in a scene absent from its listed train scenes.",heldout_summer_scene73_row38/cloudy_s2.tif,heldout_summer_scene73_row38/sar_s1_vv_vh.tif,heldout_summer_scene73_row38/clear_s2_reference.tif
heldout_summer_scene73_row39,test,summer,scene_73,p140,39,,,"Official source dataset test split, in a scene absent from its listed train scenes.",heldout_summer_scene73_row39/cloudy_s2.tif,heldout_summer_scene73_row39/sar_s1_vv_vh.tif,heldout_summer_scene73_row39/clear_s2_reference.tif
heldout_summer_scene73_row40,test,summer,scene_73,p141,40,,,"Official source dataset test split, in a scene absent from its listed train scenes.",heldout_summer_scene73_row40/cloudy_s2.tif,heldout_summer_scene73_row40/sar_s1_vv_vh.tif,heldout_summer_scene73_row40/clear_s2_reference.tif
heldout_summer_scene73_row41,test,summer,scene_73,p142,41,,,"Official source dataset test split, in a scene absent from its listed train scenes.",heldout_summer_scene73_row41/cloudy_s2.tif,heldout_summer_scene73_row41/sar_s1_vv_vh.tif,heldout_summer_scene73_row41/clear_s2_reference.tif
heldout_summer_scene73_row42,test,summer,scene_73,p143,42,,,"Official source dataset test split, in a scene absent from its listed train scenes.",heldout_summer_scene73_row42/cloudy_s2.tif,heldout_summer_scene73_row42/sar_s1_vv_vh.tif,heldout_summer_scene73_row42/clear_s2_reference.tif
heldout_summer_scene73_row43,test,summer,scene_73,p144,43,,,"Official source dataset test split, in a scene absent from its listed train scenes.",heldout_summer_scene73_row43/cloudy_s2.tif,heldout_summer_scene73_row43/sar_s1_vv_vh.tif,heldout_summer_scene73_row43/clear_s2_reference.tif
heldout_summer_scene73_row44,test,summer,scene_73,p146,44,,,"Official source dataset test split, in a scene absent from its listed train scenes.",heldout_summer_scene73_row44/cloudy_s2.tif,heldout_summer_scene73_row44/sar_s1_vv_vh.tif,heldout_summer_scene73_row44/clear_s2_reference.tif
heldout_summer_scene73_row45,test,summer,scene_73,p147,45,,,"Official source dataset test split, in a scene absent from its listed train scenes.",heldout_summer_scene73_row45/cloudy_s2.tif,heldout_summer_scene73_row45/sar_s1_vv_vh.tif,heldout_summer_scene73_row45/clear_s2_reference.tif
heldout_summer_scene73_row46,test,summer,scene_73,p148,46,,,"Official source dataset test split, in a scene absent from its listed train scenes.",heldout_summer_scene73_row46/cloudy_s2.tif,heldout_summer_scene73_row46/sar_s1_vv_vh.tif,heldout_summer_scene73_row46/clear_s2_reference.tif
heldout_summer_scene73_row47,test,summer,scene_73,p149,47,,,"Official source dataset test split, in a scene absent from its listed train scenes.",heldout_summer_scene73_row47/cloudy_s2.tif,heldout_summer_scene73_row47/sar_s1_vv_vh.tif,heldout_summer_scene73_row47/clear_s2_reference.tif
heldout_summer_scene73_row48,test,summer,scene_73,p150,48,,,"Official source dataset test split, in a scene absent from its listed train scenes.",heldout_summer_scene73_row48/cloudy_s2.tif,heldout_summer_scene73_row48/sar_s1_vv_vh.tif,heldout_summer_scene73_row48/clear_s2_reference.tif
heldout_summer_scene73_row49,test,summer,scene_73,p151,49,,,"Official source dataset test split, in a scene absent from its listed train scenes.",heldout_summer_scene73_row49/cloudy_s2.tif,heldout_summer_scene73_row49/sar_s1_vv_vh.tif,heldout_summer_scene73_row49/clear_s2_reference.tif
heldout_summer_scene73_row50,test,summer,scene_73,p152,50,,,"Official source dataset test split, in a scene absent from its listed train scenes.",heldout_summer_scene73_row50/cloudy_s2.tif,heldout_summer_scene73_row50/sar_s1_vv_vh.tif,heldout_summer_scene73_row50/clear_s2_reference.tif
heldout_summer_scene73_row51,test,summer,scene_73,p153,51,,,"Official source dataset test split, in a scene absent from its listed train scenes.",heldout_summer_scene73_row51/cloudy_s2.tif,heldout_summer_scene73_row51/sar_s1_vv_vh.tif,heldout_summer_scene73_row51/clear_s2_reference.tif
heldout_summer_scene73_row52,test,summer,scene_73,p154,52,,,"Official source dataset test split, in a scene absent from its listed train scenes.",heldout_summer_scene73_row52/cloudy_s2.tif,heldout_summer_scene73_row52/sar_s1_vv_vh.tif,heldout_summer_scene73_row52/clear_s2_reference.tif
heldout_summer_scene73_row53,test,summer,scene_73,p155,53,,,"Official source dataset test split, in a scene absent from its listed train scenes.",heldout_summer_scene73_row53/cloudy_s2.tif,heldout_summer_scene73_row53/sar_s1_vv_vh.tif,heldout_summer_scene73_row53/clear_s2_reference.tif
heldout_summer_scene73_row54,test,summer,scene_73,p156,54,,,"Official source dataset test split, in a scene absent from its listed train scenes.",heldout_summer_scene73_row54/cloudy_s2.tif,heldout_summer_scene73_row54/sar_s1_vv_vh.tif,heldout_summer_scene73_row54/clear_s2_reference.tif
heldout_summer_scene73_row55,test,summer,scene_73,p157,55,,,"Official source dataset test split, in a scene absent from its listed train scenes.",heldout_summer_scene73_row55/cloudy_s2.tif,heldout_summer_scene73_row55/sar_s1_vv_vh.tif,heldout_summer_scene73_row55/clear_s2_reference.tif
heldout_summer_scene73_row56,test,summer,scene_73,p158,56,,,"Official source dataset test split, in a scene absent from its listed train scenes.",heldout_summer_scene73_row56/cloudy_s2.tif,heldout_summer_scene73_row56/sar_s1_vv_vh.tif,heldout_summer_scene73_row56/clear_s2_reference.tif
heldout_summer_scene73_row57,test,summer,scene_73,p159,57,,,"Official source dataset test split, in a scene absent from its listed train scenes.",heldout_summer_scene73_row57/cloudy_s2.tif,heldout_summer_scene73_row57/sar_s1_vv_vh.tif,heldout_summer_scene73_row57/clear_s2_reference.tif
heldout_summer_scene73_row58,test,summer,scene_73,p160,58,,,"Official source dataset test split, in a scene absent from its listed train scenes.",heldout_summer_scene73_row58/cloudy_s2.tif,heldout_summer_scene73_row58/sar_s1_vv_vh.tif,heldout_summer_scene73_row58/clear_s2_reference.tif
heldout_summer_scene73_row59,test,summer,scene_73,p161,59,,,"Official source dataset test split, in a scene absent from its listed train scenes.",heldout_summer_scene73_row59/cloudy_s2.tif,heldout_summer_scene73_row59/sar_s1_vv_vh.tif,heldout_summer_scene73_row59/clear_s2_reference.tif
heldout_summer_scene73_row60,test,summer,scene_73,p162,60,,,"Official source dataset test split, in a scene absent from its listed train scenes.",heldout_summer_scene73_row60/cloudy_s2.tif,heldout_summer_scene73_row60/sar_s1_vv_vh.tif,heldout_summer_scene73_row60/clear_s2_reference.tif
heldout_summer_scene73_row61,test,summer,scene_73,p163,61,,,"Official source dataset test split, in a scene absent from its listed train scenes.",heldout_summer_scene73_row61/cloudy_s2.tif,heldout_summer_scene73_row61/sar_s1_vv_vh.tif,heldout_summer_scene73_row61/clear_s2_reference.tif
heldout_summer_scene73_row62,test,summer,scene_73,p164,62,,,"Official source dataset test split, in a scene absent from its listed train scenes.",heldout_summer_scene73_row62/cloudy_s2.tif,heldout_summer_scene73_row62/sar_s1_vv_vh.tif,heldout_summer_scene73_row62/clear_s2_reference.tif
heldout_summer_scene73_row63,test,summer,scene_73,p165,63,,,"Official source dataset test split, in a scene absent from its listed train scenes.",heldout_summer_scene73_row63/cloudy_s2.tif,heldout_summer_scene73_row63/sar_s1_vv_vh.tif,heldout_summer_scene73_row63/clear_s2_reference.tif
heldout_summer_scene73_row64,test,summer,scene_73,p166,64,,,"Official source dataset test split, in a scene absent from its listed train scenes.",heldout_summer_scene73_row64/cloudy_s2.tif,heldout_summer_scene73_row64/sar_s1_vv_vh.tif,heldout_summer_scene73_row64/clear_s2_reference.tif
heldout_summer_scene73_row65,test,summer,scene_73,p167,65,,,"Official source dataset test split, in a scene absent from its listed train scenes.",heldout_summer_scene73_row65/cloudy_s2.tif,heldout_summer_scene73_row65/sar_s1_vv_vh.tif,heldout_summer_scene73_row65/clear_s2_reference.tif
heldout_summer_scene73_row66,test,summer,scene_73,p168,66,,,"Official source dataset test split, in a scene absent from its listed train scenes.",heldout_summer_scene73_row66/cloudy_s2.tif,heldout_summer_scene73_row66/sar_s1_vv_vh.tif,heldout_summer_scene73_row66/clear_s2_reference.tif
heldout_summer_scene73_row67,test,summer,scene_73,p169,67,,,"Official source dataset test split, in a scene absent from its listed train scenes.",heldout_summer_scene73_row67/cloudy_s2.tif,heldout_summer_scene73_row67/sar_s1_vv_vh.tif,heldout_summer_scene73_row67/clear_s2_reference.tif
heldout_summer_scene73_row68,test,summer,scene_73,p170,68,,,"Official source dataset test split, in a scene absent from its listed train scenes.",heldout_summer_scene73_row68/cloudy_s2.tif,heldout_summer_scene73_row68/sar_s1_vv_vh.tif,heldout_summer_scene73_row68/clear_s2_reference.tif
heldout_summer_scene73_row69,test,summer,scene_73,p171,69,,,"Official source dataset test split, in a scene absent from its listed train scenes.",heldout_summer_scene73_row69/cloudy_s2.tif,heldout_summer_scene73_row69/sar_s1_vv_vh.tif,heldout_summer_scene73_row69/clear_s2_reference.tif
heldout_summer_scene73_row70,test,summer,scene_73,p172,70,,,"Official source dataset test split, in a scene absent from its listed train scenes.",heldout_summer_scene73_row70/cloudy_s2.tif,heldout_summer_scene73_row70/sar_s1_vv_vh.tif,heldout_summer_scene73_row70/clear_s2_reference.tif
heldout_summer_scene73_row71,test,summer,scene_73,p173,71,,,"Official source dataset test split, in a scene absent from its listed train scenes.",heldout_summer_scene73_row71/cloudy_s2.tif,heldout_summer_scene73_row71/sar_s1_vv_vh.tif,heldout_summer_scene73_row71/clear_s2_reference.tif
heldout_summer_scene73_row72,test,summer,scene_73,p175,72,,,"Official source dataset test split, in a scene absent from its listed train scenes.",heldout_summer_scene73_row72/cloudy_s2.tif,heldout_summer_scene73_row72/sar_s1_vv_vh.tif,heldout_summer_scene73_row72/clear_s2_reference.tif
heldout_summer_scene73_row73,test,summer,scene_73,p176,73,,,"Official source dataset test split, in a scene absent from its listed train scenes.",heldout_summer_scene73_row73/cloudy_s2.tif,heldout_summer_scene73_row73/sar_s1_vv_vh.tif,heldout_summer_scene73_row73/clear_s2_reference.tif
heldout_summer_scene73_row74,test,summer,scene_73,p177,74,,,"Official source dataset test split, in a scene absent from its listed train scenes.",heldout_summer_scene73_row74/cloudy_s2.tif,heldout_summer_scene73_row74/sar_s1_vv_vh.tif,heldout_summer_scene73_row74/clear_s2_reference.tif
heldout_summer_scene73_row75,test,summer,scene_73,p178,75,,,"Official source dataset test split, in a scene absent from its listed train scenes.",heldout_summer_scene73_row75/cloudy_s2.tif,heldout_summer_scene73_row75/sar_s1_vv_vh.tif,heldout_summer_scene73_row75/clear_s2_reference.tif
heldout_summer_scene73_row76,test,summer,scene_73,p179,76,,,"Official source dataset test split, in a scene absent from its listed train scenes.",heldout_summer_scene73_row76/cloudy_s2.tif,heldout_summer_scene73_row76/sar_s1_vv_vh.tif,heldout_summer_scene73_row76/clear_s2_reference.tif
heldout_summer_scene73_row77,test,summer,scene_73,p180,77,,,"Official source dataset test split, in a scene absent from its listed train scenes.",heldout_summer_scene73_row77/cloudy_s2.tif,heldout_summer_scene73_row77/sar_s1_vv_vh.tif,heldout_summer_scene73_row77/clear_s2_reference.tif
heldout_summer_scene73_row78,test,summer,scene_73,p181,78,,,"Official source dataset test split, in a scene absent from its listed train scenes.",heldout_summer_scene73_row78/cloudy_s2.tif,heldout_summer_scene73_row78/sar_s1_vv_vh.tif,heldout_summer_scene73_row78/clear_s2_reference.tif
heldout_summer_scene73_row79,test,summer,scene_73,p182,79,,,"Official source dataset test split, in a scene absent from its listed train scenes.",heldout_summer_scene73_row79/cloudy_s2.tif,heldout_summer_scene73_row79/sar_s1_vv_vh.tif,heldout_summer_scene73_row79/clear_s2_reference.tif
heldout_summer_scene73_row80,test,summer,scene_73,p183,80,,,"Official source dataset test split, in a scene absent from its listed train scenes.",heldout_summer_scene73_row80/cloudy_s2.tif,heldout_summer_scene73_row80/sar_s1_vv_vh.tif,heldout_summer_scene73_row80/clear_s2_reference.tif
heldout_summer_scene73_row81,test,summer,scene_73,p184,81,,,"Official source dataset test split, in a scene absent from its listed train scenes.",heldout_summer_scene73_row81/cloudy_s2.tif,heldout_summer_scene73_row81/sar_s1_vv_vh.tif,heldout_summer_scene73_row81/clear_s2_reference.tif
heldout_summer_scene73_row82,test,summer,scene_73,p185,82,,,"Official source dataset test split, in a scene absent from its listed train scenes.",heldout_summer_scene73_row82/cloudy_s2.tif,heldout_summer_scene73_row82/sar_s1_vv_vh.tif,heldout_summer_scene73_row82/clear_s2_reference.tif
heldout_summer_scene73_row83,test,summer,scene_73,p186,83,,,"Official source dataset test split, in a scene absent from its listed train scenes.",heldout_summer_scene73_row83/cloudy_s2.tif,heldout_summer_scene73_row83/sar_s1_vv_vh.tif,heldout_summer_scene73_row83/clear_s2_reference.tif
heldout_summer_scene73_row84,test,summer,scene_73,p187,84,,,"Official source dataset test split, in a scene absent from its listed train scenes.",heldout_summer_scene73_row84/cloudy_s2.tif,heldout_summer_scene73_row84/sar_s1_vv_vh.tif,heldout_summer_scene73_row84/clear_s2_reference.tif
heldout_summer_scene73_row85,test,summer,scene_73,p188,85,,,"Official source dataset test split, in a scene absent from its listed train scenes.",heldout_summer_scene73_row85/cloudy_s2.tif,heldout_summer_scene73_row85/sar_s1_vv_vh.tif,heldout_summer_scene73_row85/clear_s2_reference.tif
heldout_summer_scene73_row86,test,summer,scene_73,p189,86,,,"Official source dataset test split, in a scene absent from its listed train scenes.",heldout_summer_scene73_row86/cloudy_s2.tif,heldout_summer_scene73_row86/sar_s1_vv_vh.tif,heldout_summer_scene73_row86/clear_s2_reference.tif
heldout_summer_scene73_row87,test,summer,scene_73,p190,87,,,"Official source dataset test split, in a scene absent from its listed train scenes.",heldout_summer_scene73_row87/cloudy_s2.tif,heldout_summer_scene73_row87/sar_s1_vv_vh.tif,heldout_summer_scene73_row87/clear_s2_reference.tif
heldout_summer_scene73_row88,test,summer,scene_73,p191,88,,,"Official source dataset test split, in a scene absent from its listed train scenes.",heldout_summer_scene73_row88/cloudy_s2.tif,heldout_summer_scene73_row88/sar_s1_vv_vh.tif,heldout_summer_scene73_row88/clear_s2_reference.tif
heldout_summer_scene73_row89,test,summer,scene_73,p192,89,,,"Official source dataset test split, in a scene absent from its listed train scenes.",heldout_summer_scene73_row89/cloudy_s2.tif,heldout_summer_scene73_row89/sar_s1_vv_vh.tif,heldout_summer_scene73_row89/clear_s2_reference.tif
heldout_summer_scene73_row90,test,summer,scene_73,p193,90,,,"Official source dataset test split, in a scene absent from its listed train scenes.",heldout_summer_scene73_row90/cloudy_s2.tif,heldout_summer_scene73_row90/sar_s1_vv_vh.tif,heldout_summer_scene73_row90/clear_s2_reference.tif
heldout_summer_scene73_row91,test,summer,scene_73,p194,91,,,"Official source dataset test split, in a scene absent from its listed train scenes.",heldout_summer_scene73_row91/cloudy_s2.tif,heldout_summer_scene73_row91/sar_s1_vv_vh.tif,heldout_summer_scene73_row91/clear_s2_reference.tif
heldout_summer_scene73_row92,test,summer,scene_73,p195,92,,,"Official source dataset test split, in a scene absent from its listed train scenes.",heldout_summer_scene73_row92/cloudy_s2.tif,heldout_summer_scene73_row92/sar_s1_vv_vh.tif,heldout_summer_scene73_row92/clear_s2_reference.tif
heldout_summer_scene73_row93,test,summer,scene_73,p196,93,,,"Official source dataset test split, in a scene absent from its listed train scenes.",heldout_summer_scene73_row93/cloudy_s2.tif,heldout_summer_scene73_row93/sar_s1_vv_vh.tif,heldout_summer_scene73_row93/clear_s2_reference.tif
heldout_summer_scene73_row94,test,summer,scene_73,p197,94,,,"Official source dataset test split, in a scene absent from its listed train scenes.",heldout_summer_scene73_row94/cloudy_s2.tif,heldout_summer_scene73_row94/sar_s1_vv_vh.tif,heldout_summer_scene73_row94/clear_s2_reference.tif
heldout_summer_scene73_row95,test,summer,scene_73,p198,95,,,"Official source dataset test split, in a scene absent from its listed train scenes.",heldout_summer_scene73_row95/cloudy_s2.tif,heldout_summer_scene73_row95/sar_s1_vv_vh.tif,heldout_summer_scene73_row95/clear_s2_reference.tif
heldout_summer_scene119,test,summer,scene_119,p100,0,,,"Official source dataset test split, in a scene absent from its listed train scenes.",heldout_summer_scene119/cloudy_s2.tif,heldout_summer_scene119/sar_s1_vv_vh.tif,heldout_summer_scene119/clear_s2_reference.tif
heldout_summer_scene119_row1,test,summer,scene_119,p101,1,,,"Official source dataset test split, in a scene absent from its listed train scenes.",heldout_summer_scene119_row1/cloudy_s2.tif,heldout_summer_scene119_row1/sar_s1_vv_vh.tif,heldout_summer_scene119_row1/clear_s2_reference.tif
heldout_summer_scene119_row2,test,summer,scene_119,p102,2,,,"Official source dataset test split, in a scene absent from its listed train scenes.",heldout_summer_scene119_row2/cloudy_s2.tif,heldout_summer_scene119_row2/sar_s1_vv_vh.tif,heldout_summer_scene119_row2/clear_s2_reference.tif
heldout_summer_scene119_row3,test,summer,scene_119,p103,3,,,"Official source dataset test split, in a scene absent from its listed train scenes.",heldout_summer_scene119_row3/cloudy_s2.tif,heldout_summer_scene119_row3/sar_s1_vv_vh.tif,heldout_summer_scene119_row3/clear_s2_reference.tif
heldout_summer_scene119_row4,test,summer,scene_119,p104,4,,,"Official source dataset test split, in a scene absent from its listed train scenes.",heldout_summer_scene119_row4/cloudy_s2.tif,heldout_summer_scene119_row4/sar_s1_vv_vh.tif,heldout_summer_scene119_row4/clear_s2_reference.tif
heldout_summer_scene119_row5,test,summer,scene_119,p105,5,,,"Official source dataset test split, in a scene absent from its listed train scenes.",heldout_summer_scene119_row5/cloudy_s2.tif,heldout_summer_scene119_row5/sar_s1_vv_vh.tif,heldout_summer_scene119_row5/clear_s2_reference.tif
heldout_summer_scene119_row6,test,summer,scene_119,p106,6,,,"Official source dataset test split, in a scene absent from its listed train scenes.",heldout_summer_scene119_row6/cloudy_s2.tif,heldout_summer_scene119_row6/sar_s1_vv_vh.tif,heldout_summer_scene119_row6/clear_s2_reference.tif
heldout_summer_scene119_row7,test,summer,scene_119,p107,7,,,"Official source dataset test split, in a scene absent from its listed train scenes.",heldout_summer_scene119_row7/cloudy_s2.tif,heldout_summer_scene119_row7/sar_s1_vv_vh.tif,heldout_summer_scene119_row7/clear_s2_reference.tif
heldout_summer_scene119_row8,test,summer,scene_119,p108,8,,,"Official source dataset test split, in a scene absent from its listed train scenes.",heldout_summer_scene119_row8/cloudy_s2.tif,heldout_summer_scene119_row8/sar_s1_vv_vh.tif,heldout_summer_scene119_row8/clear_s2_reference.tif
heldout_summer_scene119_row9,test,summer,scene_119,p109,9,,,"Official source dataset test split, in a scene absent from its listed train scenes.",heldout_summer_scene119_row9/cloudy_s2.tif,heldout_summer_scene119_row9/sar_s1_vv_vh.tif,heldout_summer_scene119_row9/clear_s2_reference.tif
heldout_summer_scene119_row10,test,summer,scene_119,p110,10,,,"Official source dataset test split, in a scene absent from its listed train scenes.",heldout_summer_scene119_row10/cloudy_s2.tif,heldout_summer_scene119_row10/sar_s1_vv_vh.tif,heldout_summer_scene119_row10/clear_s2_reference.tif
heldout_summer_scene119_row11,test,summer,scene_119,p111,11,,,"Official source dataset test split, in a scene absent from its listed train scenes.",heldout_summer_scene119_row11/cloudy_s2.tif,heldout_summer_scene119_row11/sar_s1_vv_vh.tif,heldout_summer_scene119_row11/clear_s2_reference.tif
heldout_summer_scene119_row12,test,summer,scene_119,p112,12,,,"Official source dataset test split, in a scene absent from its listed train scenes.",heldout_summer_scene119_row12/cloudy_s2.tif,heldout_summer_scene119_row12/sar_s1_vv_vh.tif,heldout_summer_scene119_row12/clear_s2_reference.tif
heldout_summer_scene119_row13,test,summer,scene_119,p113,13,,,"Official source dataset test split, in a scene absent from its listed train scenes.",heldout_summer_scene119_row13/cloudy_s2.tif,heldout_summer_scene119_row13/sar_s1_vv_vh.tif,heldout_summer_scene119_row13/clear_s2_reference.tif
heldout_summer_scene119_row14,test,summer,scene_119,p114,14,,,"Official source dataset test split, in a scene absent from its listed train scenes.",heldout_summer_scene119_row14/cloudy_s2.tif,heldout_summer_scene119_row14/sar_s1_vv_vh.tif,heldout_summer_scene119_row14/clear_s2_reference.tif
heldout_summer_scene119_row15,test,summer,scene_119,p115,15,,,"Official source dataset test split, in a scene absent from its listed train scenes.",heldout_summer_scene119_row15/cloudy_s2.tif,heldout_summer_scene119_row15/sar_s1_vv_vh.tif,heldout_summer_scene119_row15/clear_s2_reference.tif
heldout_summer_scene119_row16,test,summer,scene_119,p117,16,,,"Official source dataset test split, in a scene absent from its listed train scenes.",heldout_summer_scene119_row16/cloudy_s2.tif,heldout_summer_scene119_row16/sar_s1_vv_vh.tif,heldout_summer_scene119_row16/clear_s2_reference.tif
heldout_summer_scene119_row17,test,summer,scene_119,p118,17,,,"Official source dataset test split, in a scene absent from its listed train scenes.",heldout_summer_scene119_row17/cloudy_s2.tif,heldout_summer_scene119_row17/sar_s1_vv_vh.tif,heldout_summer_scene119_row17/clear_s2_reference.tif
heldout_summer_scene119_row18,test,summer,scene_119,p119,18,,,"Official source dataset test split, in a scene absent from its listed train scenes.",heldout_summer_scene119_row18/cloudy_s2.tif,heldout_summer_scene119_row18/sar_s1_vv_vh.tif,heldout_summer_scene119_row18/clear_s2_reference.tif
heldout_summer_scene119_row19,test,summer,scene_119,p120,19,,,"Official source dataset test split, in a scene absent from its listed train scenes.",heldout_summer_scene119_row19/cloudy_s2.tif,heldout_summer_scene119_row19/sar_s1_vv_vh.tif,heldout_summer_scene119_row19/clear_s2_reference.tif
heldout_summer_scene119_row20,test,summer,scene_119,p121,20,,,"Official source dataset test split, in a scene absent from its listed train scenes.",heldout_summer_scene119_row20/cloudy_s2.tif,heldout_summer_scene119_row20/sar_s1_vv_vh.tif,heldout_summer_scene119_row20/clear_s2_reference.tif
heldout_summer_scene119_row21,test,summer,scene_119,p122,21,,,"Official source dataset test split, in a scene absent from its listed train scenes.",heldout_summer_scene119_row21/cloudy_s2.tif,heldout_summer_scene119_row21/sar_s1_vv_vh.tif,heldout_summer_scene119_row21/clear_s2_reference.tif
heldout_summer_scene119_row22,test,summer,scene_119,p123,22,,,"Official source dataset test split, in a scene absent from its listed train scenes.",heldout_summer_scene119_row22/cloudy_s2.tif,heldout_summer_scene119_row22/sar_s1_vv_vh.tif,heldout_summer_scene119_row22/clear_s2_reference.tif
heldout_summer_scene119_row23,test,summer,scene_119,p124,23,,,"Official source dataset test split, in a scene absent from its listed train scenes.",heldout_summer_scene119_row23/cloudy_s2.tif,heldout_summer_scene119_row23/sar_s1_vv_vh.tif,heldout_summer_scene119_row23/clear_s2_reference.tif
heldout_summer_scene119_row24,test,summer,scene_119,p125,24,,,"Official source dataset test split, in a scene absent from its listed train scenes.",heldout_summer_scene119_row24/cloudy_s2.tif,heldout_summer_scene119_row24/sar_s1_vv_vh.tif,heldout_summer_scene119_row24/clear_s2_reference.tif
heldout_summer_scene119_row25,test,summer,scene_119,p126,25,,,"Official source dataset test split, in a scene absent from its listed train scenes.",heldout_summer_scene119_row25/cloudy_s2.tif,heldout_summer_scene119_row25/sar_s1_vv_vh.tif,heldout_summer_scene119_row25/clear_s2_reference.tif
heldout_summer_scene119_row26,test,summer,scene_119,p127,26,,,"Official source dataset test split, in a scene absent from its listed train scenes.",heldout_summer_scene119_row26/cloudy_s2.tif,heldout_summer_scene119_row26/sar_s1_vv_vh.tif,heldout_summer_scene119_row26/clear_s2_reference.tif
heldout_summer_scene119_row27,test,summer,scene_119,p128,27,,,"Official source dataset test split, in a scene absent from its listed train scenes.",heldout_summer_scene119_row27/cloudy_s2.tif,heldout_summer_scene119_row27/sar_s1_vv_vh.tif,heldout_summer_scene119_row27/clear_s2_reference.tif
heldout_summer_scene119_row28,test,summer,scene_119,p129,28,,,"Official source dataset test split, in a scene absent from its listed train scenes.",heldout_summer_scene119_row28/cloudy_s2.tif,heldout_summer_scene119_row28/sar_s1_vv_vh.tif,heldout_summer_scene119_row28/clear_s2_reference.tif
heldout_summer_scene119_row29,test,summer,scene_119,p130,29,,,"Official source dataset test split, in a scene absent from its listed train scenes.",heldout_summer_scene119_row29/cloudy_s2.tif,heldout_summer_scene119_row29/sar_s1_vv_vh.tif,heldout_summer_scene119_row29/clear_s2_reference.tif
heldout_summer_scene119_row30,test,summer,scene_119,p131,30,,,"Official source dataset test split, in a scene absent from its listed train scenes.",heldout_summer_scene119_row30/cloudy_s2.tif,heldout_summer_scene119_row30/sar_s1_vv_vh.tif,heldout_summer_scene119_row30/clear_s2_reference.tif
heldout_summer_scene119_row31,test,summer,scene_119,p132,31,,,"Official source dataset test split, in a scene absent from its listed train scenes.",heldout_summer_scene119_row31/cloudy_s2.tif,heldout_summer_scene119_row31/sar_s1_vv_vh.tif,heldout_summer_scene119_row31/clear_s2_reference.tif
heldout_summer_scene119_row32,test,summer,scene_119,p133,32,,,"Official source dataset test split, in a scene absent from its listed train scenes.",heldout_summer_scene119_row32/cloudy_s2.tif,heldout_summer_scene119_row32/sar_s1_vv_vh.tif,heldout_summer_scene119_row32/clear_s2_reference.tif
heldout_summer_scene119_row33,test,summer,scene_119,p134,33,,,"Official source dataset test split, in a scene absent from its listed train scenes.",heldout_summer_scene119_row33/cloudy_s2.tif,heldout_summer_scene119_row33/sar_s1_vv_vh.tif,heldout_summer_scene119_row33/clear_s2_reference.tif
heldout_summer_scene119_row34,test,summer,scene_119,p135,34,,,"Official source dataset test split, in a scene absent from its listed train scenes.",heldout_summer_scene119_row34/cloudy_s2.tif,heldout_summer_scene119_row34/sar_s1_vv_vh.tif,heldout_summer_scene119_row34/clear_s2_reference.tif
heldout_summer_scene119_row35,test,summer,scene_119,p136,35,,,"Official source dataset test split, in a scene absent from its listed train scenes.",heldout_summer_scene119_row35/cloudy_s2.tif,heldout_summer_scene119_row35/sar_s1_vv_vh.tif,heldout_summer_scene119_row35/clear_s2_reference.tif
heldout_summer_scene119_row36,test,summer,scene_119,p137,36,,,"Official source dataset test split, in a scene absent from its listed train scenes.",heldout_summer_scene119_row36/cloudy_s2.tif,heldout_summer_scene119_row36/sar_s1_vv_vh.tif,heldout_summer_scene119_row36/clear_s2_reference.tif
heldout_summer_scene119_row37,test,summer,scene_119,p138,37,,,"Official source dataset test split, in a scene absent from its listed train scenes.",heldout_summer_scene119_row37/cloudy_s2.tif,heldout_summer_scene119_row37/sar_s1_vv_vh.tif,heldout_summer_scene119_row37/clear_s2_reference.tif
heldout_summer_scene119_row38,test,summer,scene_119,p139,38,,,"Official source dataset test split, in a scene absent from its listed train scenes.",heldout_summer_scene119_row38/cloudy_s2.tif,heldout_summer_scene119_row38/sar_s1_vv_vh.tif,heldout_summer_scene119_row38/clear_s2_reference.tif
heldout_summer_scene119_row39,test,summer,scene_119,p140,39,,,"Official source dataset test split, in a scene absent from its listed train scenes.",heldout_summer_scene119_row39/cloudy_s2.tif,heldout_summer_scene119_row39/sar_s1_vv_vh.tif,heldout_summer_scene119_row39/clear_s2_reference.tif
heldout_summer_scene119_row40,test,summer,scene_119,p141,40,,,"Official source dataset test split, in a scene absent from its listed train scenes.",heldout_summer_scene119_row40/cloudy_s2.tif,heldout_summer_scene119_row40/sar_s1_vv_vh.tif,heldout_summer_scene119_row40/clear_s2_reference.tif
heldout_summer_scene119_row41,test,summer,scene_119,p142,41,,,"Official source dataset test split, in a scene absent from its listed train scenes.",heldout_summer_scene119_row41/cloudy_s2.tif,heldout_summer_scene119_row41/sar_s1_vv_vh.tif,heldout_summer_scene119_row41/clear_s2_reference.tif
heldout_summer_scene119_row42,test,summer,scene_119,p143,42,,,"Official source dataset test split, in a scene absent from its listed train scenes.",heldout_summer_scene119_row42/cloudy_s2.tif,heldout_summer_scene119_row42/sar_s1_vv_vh.tif,heldout_summer_scene119_row42/clear_s2_reference.tif
heldout_summer_scene119_row43,test,summer,scene_119,p144,43,,,"Official source dataset test split, in a scene absent from its listed train scenes.",heldout_summer_scene119_row43/cloudy_s2.tif,heldout_summer_scene119_row43/sar_s1_vv_vh.tif,heldout_summer_scene119_row43/clear_s2_reference.tif
heldout_summer_scene119_row44,test,summer,scene_119,p146,44,,,"Official source dataset test split, in a scene absent from its listed train scenes.",heldout_summer_scene119_row44/cloudy_s2.tif,heldout_summer_scene119_row44/sar_s1_vv_vh.tif,heldout_summer_scene119_row44/clear_s2_reference.tif
heldout_summer_scene119_row45,test,summer,scene_119,p147,45,,,"Official source dataset test split, in a scene absent from its listed train scenes.",heldout_summer_scene119_row45/cloudy_s2.tif,heldout_summer_scene119_row45/sar_s1_vv_vh.tif,heldout_summer_scene119_row45/clear_s2_reference.tif
heldout_summer_scene119_row46,test,summer,scene_119,p148,46,,,"Official source dataset test split, in a scene absent from its listed train scenes.",heldout_summer_scene119_row46/cloudy_s2.tif,heldout_summer_scene119_row46/sar_s1_vv_vh.tif,heldout_summer_scene119_row46/clear_s2_reference.tif
heldout_summer_scene119_row47,test,summer,scene_119,p149,47,,,"Official source dataset test split, in a scene absent from its listed train scenes.",heldout_summer_scene119_row47/cloudy_s2.tif,heldout_summer_scene119_row47/sar_s1_vv_vh.tif,heldout_summer_scene119_row47/clear_s2_reference.tif
heldout_summer_scene119_row48,test,summer,scene_119,p150,48,,,"Official source dataset test split, in a scene absent from its listed train scenes.",heldout_summer_scene119_row48/cloudy_s2.tif,heldout_summer_scene119_row48/sar_s1_vv_vh.tif,heldout_summer_scene119_row48/clear_s2_reference.tif
heldout_summer_scene119_row49,test,summer,scene_119,p151,49,,,"Official source dataset test split, in a scene absent from its listed train scenes.",heldout_summer_scene119_row49/cloudy_s2.tif,heldout_summer_scene119_row49/sar_s1_vv_vh.tif,heldout_summer_scene119_row49/clear_s2_reference.tif
heldout_summer_scene119_row50,test,summer,scene_119,p152,50,,,"Official source dataset test split, in a scene absent from its listed train scenes.",heldout_summer_scene119_row50/cloudy_s2.tif,heldout_summer_scene119_row50/sar_s1_vv_vh.tif,heldout_summer_scene119_row50/clear_s2_reference.tif
heldout_summer_scene119_row51,test,summer,scene_119,p153,51,,,"Official source dataset test split, in a scene absent from its listed train scenes.",heldout_summer_scene119_row51/cloudy_s2.tif,heldout_summer_scene119_row51/sar_s1_vv_vh.tif,heldout_summer_scene119_row51/clear_s2_reference.tif
heldout_summer_scene119_row52,test,summer,scene_119,p154,52,,,"Official source dataset test split, in a scene absent from its listed train scenes.",heldout_summer_scene119_row52/cloudy_s2.tif,heldout_summer_scene119_row52/sar_s1_vv_vh.tif,heldout_summer_scene119_row52/clear_s2_reference.tif
heldout_summer_scene119_row53,test,summer,scene_119,p155,53,,,"Official source dataset test split, in a scene absent from its listed train scenes.",heldout_summer_scene119_row53/cloudy_s2.tif,heldout_summer_scene119_row53/sar_s1_vv_vh.tif,heldout_summer_scene119_row53/clear_s2_reference.tif
heldout_summer_scene119_row54,test,summer,scene_119,p156,54,,,"Official source dataset test split, in a scene absent from its listed train scenes.",heldout_summer_scene119_row54/cloudy_s2.tif,heldout_summer_scene119_row54/sar_s1_vv_vh.tif,heldout_summer_scene119_row54/clear_s2_reference.tif
heldout_summer_scene119_row55,test,summer,scene_119,p157,55,,,"Official source dataset test split, in a scene absent from its listed train scenes.",heldout_summer_scene119_row55/cloudy_s2.tif,heldout_summer_scene119_row55/sar_s1_vv_vh.tif,heldout_summer_scene119_row55/clear_s2_reference.tif
heldout_summer_scene119_row56,test,summer,scene_119,p158,56,,,"Official source dataset test split, in a scene absent from its listed train scenes.",heldout_summer_scene119_row56/cloudy_s2.tif,heldout_summer_scene119_row56/sar_s1_vv_vh.tif,heldout_summer_scene119_row56/clear_s2_reference.tif
heldout_summer_scene119_row57,test,summer,scene_119,p159,57,,,"Official source dataset test split, in a scene absent from its listed train scenes.",heldout_summer_scene119_row57/cloudy_s2.tif,heldout_summer_scene119_row57/sar_s1_vv_vh.tif,heldout_summer_scene119_row57/clear_s2_reference.tif
heldout_summer_scene119_row58,test,summer,scene_119,p160,58,,,"Official source dataset test split, in a scene absent from its listed train scenes.",heldout_summer_scene119_row58/cloudy_s2.tif,heldout_summer_scene119_row58/sar_s1_vv_vh.tif,heldout_summer_scene119_row58/clear_s2_reference.tif
heldout_summer_scene119_row59,test,summer,scene_119,p161,59,,,"Official source dataset test split, in a scene absent from its listed train scenes.",heldout_summer_scene119_row59/cloudy_s2.tif,heldout_summer_scene119_row59/sar_s1_vv_vh.tif,heldout_summer_scene119_row59/clear_s2_reference.tif
heldout_summer_scene119_row60,test,summer,scene_119,p162,60,,,"Official source dataset test split, in a scene absent from its listed train scenes.",heldout_summer_scene119_row60/cloudy_s2.tif,heldout_summer_scene119_row60/sar_s1_vv_vh.tif,heldout_summer_scene119_row60/clear_s2_reference.tif
heldout_summer_scene119_row61,test,summer,scene_119,p163,61,,,"Official source dataset test split, in a scene absent from its listed train scenes.",heldout_summer_scene119_row61/cloudy_s2.tif,heldout_summer_scene119_row61/sar_s1_vv_vh.tif,heldout_summer_scene119_row61/clear_s2_reference.tif
heldout_summer_scene119_row62,test,summer,scene_119,p164,62,,,"Official source dataset test split, in a scene absent from its listed train scenes.",heldout_summer_scene119_row62/cloudy_s2.tif,heldout_summer_scene119_row62/sar_s1_vv_vh.tif,heldout_summer_scene119_row62/clear_s2_reference.tif
heldout_summer_scene119_row63,test,summer,scene_119,p165,63,,,"Official source dataset test split, in a scene absent from its listed train scenes.",heldout_summer_scene119_row63/cloudy_s2.tif,heldout_summer_scene119_row63/sar_s1_vv_vh.tif,heldout_summer_scene119_row63/clear_s2_reference.tif
heldout_summer_scene119_row64,test,summer,scene_119,p166,64,,,"Official source dataset test split, in a scene absent from its listed train scenes.",heldout_summer_scene119_row64/cloudy_s2.tif,heldout_summer_scene119_row64/sar_s1_vv_vh.tif,heldout_summer_scene119_row64/clear_s2_reference.tif
heldout_summer_scene119_row65,test,summer,scene_119,p167,65,,,"Official source dataset test split, in a scene absent from its listed train scenes.",heldout_summer_scene119_row65/cloudy_s2.tif,heldout_summer_scene119_row65/sar_s1_vv_vh.tif,heldout_summer_scene119_row65/clear_s2_reference.tif
heldout_summer_scene119_row66,test,summer,scene_119,p168,66,,,"Official source dataset test split, in a scene absent from its listed train scenes.",heldout_summer_scene119_row66/cloudy_s2.tif,heldout_summer_scene119_row66/sar_s1_vv_vh.tif,heldout_summer_scene119_row66/clear_s2_reference.tif
heldout_summer_scene119_row67,test,summer,scene_119,p169,67,,,"Official source dataset test split, in a scene absent from its listed train scenes.",heldout_summer_scene119_row67/cloudy_s2.tif,heldout_summer_scene119_row67/sar_s1_vv_vh.tif,heldout_summer_scene119_row67/clear_s2_reference.tif
heldout_summer_scene119_row68,test,summer,scene_119,p170,68,,,"Official source dataset test split, in a scene absent from its listed train scenes.",heldout_summer_scene119_row68/cloudy_s2.tif,heldout_summer_scene119_row68/sar_s1_vv_vh.tif,heldout_summer_scene119_row68/clear_s2_reference.tif
heldout_summer_scene119_row69,test,summer,scene_119,p171,69,,,"Official source dataset test split, in a scene absent from its listed train scenes.",heldout_summer_scene119_row69/cloudy_s2.tif,heldout_summer_scene119_row69/sar_s1_vv_vh.tif,heldout_summer_scene119_row69/clear_s2_reference.tif
heldout_summer_scene119_row70,test,summer,scene_119,p172,70,,,"Official source dataset test split, in a scene absent from its listed train scenes.",heldout_summer_scene119_row70/cloudy_s2.tif,heldout_summer_scene119_row70/sar_s1_vv_vh.tif,heldout_summer_scene119_row70/clear_s2_reference.tif
heldout_summer_scene119_row71,test,summer,scene_119,p173,71,,,"Official source dataset test split, in a scene absent from its listed train scenes.",heldout_summer_scene119_row71/cloudy_s2.tif,heldout_summer_scene119_row71/sar_s1_vv_vh.tif,heldout_summer_scene119_row71/clear_s2_reference.tif
heldout_summer_scene119_row72,test,summer,scene_119,p175,72,,,"Official source dataset test split, in a scene absent from its listed train scenes.",heldout_summer_scene119_row72/cloudy_s2.tif,heldout_summer_scene119_row72/sar_s1_vv_vh.tif,heldout_summer_scene119_row72/clear_s2_reference.tif
heldout_summer_scene119_row73,test,summer,scene_119,p176,73,,,"Official source dataset test split, in a scene absent from its listed train scenes.",heldout_summer_scene119_row73/cloudy_s2.tif,heldout_summer_scene119_row73/sar_s1_vv_vh.tif,heldout_summer_scene119_row73/clear_s2_reference.tif
heldout_summer_scene119_row74,test,summer,scene_119,p177,74,,,"Official source dataset test split, in a scene absent from its listed train scenes.",heldout_summer_scene119_row74/cloudy_s2.tif,heldout_summer_scene119_row74/sar_s1_vv_vh.tif,heldout_summer_scene119_row74/clear_s2_reference.tif
heldout_summer_scene119_row75,test,summer,scene_119,p178,75,,,"Official source dataset test split, in a scene absent from its listed train scenes.",heldout_summer_scene119_row75/cloudy_s2.tif,heldout_summer_scene119_row75/sar_s1_vv_vh.tif,heldout_summer_scene119_row75/clear_s2_reference.tif
heldout_summer_scene119_row76,test,summer,scene_119,p179,76,,,"Official source dataset test split, in a scene absent from its listed train scenes.",heldout_summer_scene119_row76/cloudy_s2.tif,heldout_summer_scene119_row76/sar_s1_vv_vh.tif,heldout_summer_scene119_row76/clear_s2_reference.tif
heldout_summer_scene119_row77,test,summer,scene_119,p180,77,,,"Official source dataset test split, in a scene absent from its listed train scenes.",heldout_summer_scene119_row77/cloudy_s2.tif,heldout_summer_scene119_row77/sar_s1_vv_vh.tif,heldout_summer_scene119_row77/clear_s2_reference.tif
heldout_summer_scene119_row78,test,summer,scene_119,p181,78,,,"Official source dataset test split, in a scene absent from its listed train scenes.",heldout_summer_scene119_row78/cloudy_s2.tif,heldout_summer_scene119_row78/sar_s1_vv_vh.tif,heldout_summer_scene119_row78/clear_s2_reference.tif
heldout_summer_scene119_row79,test,summer,scene_119,p182,79,,,"Official source dataset test split, in a scene absent from its listed train scenes.",heldout_summer_scene119_row79/cloudy_s2.tif,heldout_summer_scene119_row79/sar_s1_vv_vh.tif,heldout_summer_scene119_row79/clear_s2_reference.tif
heldout_summer_scene119_row80,test,summer,scene_119,p183,80,,,"Official source dataset test split, in a scene absent from its listed train scenes.",heldout_summer_scene119_row80/cloudy_s2.tif,heldout_summer_scene119_row80/sar_s1_vv_vh.tif,heldout_summer_scene119_row80/clear_s2_reference.tif
heldout_summer_scene119_row81,test,summer,scene_119,p184,81,,,"Official source dataset test split, in a scene absent from its listed train scenes.",heldout_summer_scene119_row81/cloudy_s2.tif,heldout_summer_scene119_row81/sar_s1_vv_vh.tif,heldout_summer_scene119_row81/clear_s2_reference.tif
heldout_summer_scene119_row82,test,summer,scene_119,p185,82,,,"Official source dataset test split, in a scene absent from its listed train scenes.",heldout_summer_scene119_row82/cloudy_s2.tif,heldout_summer_scene119_row82/sar_s1_vv_vh.tif,heldout_summer_scene119_row82/clear_s2_reference.tif
heldout_summer_scene119_row83,test,summer,scene_119,p186,83,,,"Official source dataset test split, in a scene absent from its listed train scenes.",heldout_summer_scene119_row83/cloudy_s2.tif,heldout_summer_scene119_row83/sar_s1_vv_vh.tif,heldout_summer_scene119_row83/clear_s2_reference.tif
heldout_summer_scene119_row84,test,summer,scene_119,p187,84,,,"Official source dataset test split, in a scene absent from its listed train scenes.",heldout_summer_scene119_row84/cloudy_s2.tif,heldout_summer_scene119_row84/sar_s1_vv_vh.tif,heldout_summer_scene119_row84/clear_s2_reference.tif
heldout_summer_scene119_row85,test,summer,scene_119,p188,85,,,"Official source dataset test split, in a scene absent from its listed train scenes.",heldout_summer_scene119_row85/cloudy_s2.tif,heldout_summer_scene119_row85/sar_s1_vv_vh.tif,heldout_summer_scene119_row85/clear_s2_reference.tif
heldout_summer_scene119_row86,test,summer,scene_119,p189,86,,,"Official source dataset test split, in a scene absent from its listed train scenes.",heldout_summer_scene119_row86/cloudy_s2.tif,heldout_summer_scene119_row86/sar_s1_vv_vh.tif,heldout_summer_scene119_row86/clear_s2_reference.tif
heldout_summer_scene119_row87,test,summer,scene_119,p190,87,,,"Official source dataset test split, in a scene absent from its listed train scenes.",heldout_summer_scene119_row87/cloudy_s2.tif,heldout_summer_scene119_row87/sar_s1_vv_vh.tif,heldout_summer_scene119_row87/clear_s2_reference.tif
heldout_summer_scene119_row88,test,summer,scene_119,p191,88,,,"Official source dataset test split, in a scene absent from its listed train scenes.",heldout_summer_scene119_row88/cloudy_s2.tif,heldout_summer_scene119_row88/sar_s1_vv_vh.tif,heldout_summer_scene119_row88/clear_s2_reference.tif
heldout_summer_scene119_row89,test,summer,scene_119,p192,89,,,"Official source dataset test split, in a scene absent from its listed train scenes.",heldout_summer_scene119_row89/cloudy_s2.tif,heldout_summer_scene119_row89/sar_s1_vv_vh.tif,heldout_summer_scene119_row89/clear_s2_reference.tif
heldout_summer_scene119_row90,test,summer,scene_119,p193,90,,,"Official source dataset test split, in a scene absent from its listed train scenes.",heldout_summer_scene119_row90/cloudy_s2.tif,heldout_summer_scene119_row90/sar_s1_vv_vh.tif,heldout_summer_scene119_row90/clear_s2_reference.tif
heldout_summer_scene119_row91,test,summer,scene_119,p194,91,,,"Official source dataset test split, in a scene absent from its listed train scenes.",heldout_summer_scene119_row91/cloudy_s2.tif,heldout_summer_scene119_row91/sar_s1_vv_vh.tif,heldout_summer_scene119_row91/clear_s2_reference.tif
heldout_summer_scene119_row92,test,summer,scene_119,p195,92,,,"Official source dataset test split, in a scene absent from its listed train scenes.",heldout_summer_scene119_row92/cloudy_s2.tif,heldout_summer_scene119_row92/sar_s1_vv_vh.tif,heldout_summer_scene119_row92/clear_s2_reference.tif
heldout_summer_scene119_row93,test,summer,scene_119,p196,93,,,"Official source dataset test split, in a scene absent from its listed train scenes.",heldout_summer_scene119_row93/cloudy_s2.tif,heldout_summer_scene119_row93/sar_s1_vv_vh.tif,heldout_summer_scene119_row93/clear_s2_reference.tif
heldout_summer_scene119_row94,test,summer,scene_119,p197,94,,,"Official source dataset test split, in a scene absent from its listed train scenes.",heldout_summer_scene119_row94/cloudy_s2.tif,heldout_summer_scene119_row94/sar_s1_vv_vh.tif,heldout_summer_scene119_row94/clear_s2_reference.tif
heldout_summer_scene119_row95,test,summer,scene_119,p198,95,,,"Official source dataset test split, in a scene absent from its listed train scenes.",heldout_summer_scene119_row95/cloudy_s2.tif,heldout_summer_scene119_row95/sar_s1_vv_vh.tif,heldout_summer_scene119_row95/clear_s2_reference.tif
heldout_fall_scene139,test,fall,scene_139,p100,0,,,"Official source dataset test split, in a scene absent from its listed train scenes.",heldout_fall_scene139/cloudy_s2.tif,heldout_fall_scene139/sar_s1_vv_vh.tif,heldout_fall_scene139/clear_s2_reference.tif
heldout_fall_scene139_row1,test,fall,scene_139,p101,1,,,"Official source dataset test split, in a scene absent from its listed train scenes.",heldout_fall_scene139_row1/cloudy_s2.tif,heldout_fall_scene139_row1/sar_s1_vv_vh.tif,heldout_fall_scene139_row1/clear_s2_reference.tif
heldout_fall_scene139_row2,test,fall,scene_139,p102,2,,,"Official source dataset test split, in a scene absent from its listed train scenes.",heldout_fall_scene139_row2/cloudy_s2.tif,heldout_fall_scene139_row2/sar_s1_vv_vh.tif,heldout_fall_scene139_row2/clear_s2_reference.tif
heldout_fall_scene139_row3,test,fall,scene_139,p103,3,,,"Official source dataset test split, in a scene absent from its listed train scenes.",heldout_fall_scene139_row3/cloudy_s2.tif,heldout_fall_scene139_row3/sar_s1_vv_vh.tif,heldout_fall_scene139_row3/clear_s2_reference.tif
heldout_fall_scene139_row4,test,fall,scene_139,p104,4,,,"Official source dataset test split, in a scene absent from its listed train scenes.",heldout_fall_scene139_row4/cloudy_s2.tif,heldout_fall_scene139_row4/sar_s1_vv_vh.tif,heldout_fall_scene139_row4/clear_s2_reference.tif
heldout_fall_scene139_row5,test,fall,scene_139,p105,5,,,"Official source dataset test split, in a scene absent from its listed train scenes.",heldout_fall_scene139_row5/cloudy_s2.tif,heldout_fall_scene139_row5/sar_s1_vv_vh.tif,heldout_fall_scene139_row5/clear_s2_reference.tif
heldout_fall_scene139_row6,test,fall,scene_139,p106,6,,,"Official source dataset test split, in a scene absent from its listed train scenes.",heldout_fall_scene139_row6/cloudy_s2.tif,heldout_fall_scene139_row6/sar_s1_vv_vh.tif,heldout_fall_scene139_row6/clear_s2_reference.tif
heldout_fall_scene139_row7,test,fall,scene_139,p107,7,,,"Official source dataset test split, in a scene absent from its listed train scenes.",heldout_fall_scene139_row7/cloudy_s2.tif,heldout_fall_scene139_row7/sar_s1_vv_vh.tif,heldout_fall_scene139_row7/clear_s2_reference.tif
heldout_fall_scene139_row8,test,fall,scene_139,p108,8,,,"Official source dataset test split, in a scene absent from its listed train scenes.",heldout_fall_scene139_row8/cloudy_s2.tif,heldout_fall_scene139_row8/sar_s1_vv_vh.tif,heldout_fall_scene139_row8/clear_s2_reference.tif
heldout_fall_scene139_row9,test,fall,scene_139,p109,9,,,"Official source dataset test split, in a scene absent from its listed train scenes.",heldout_fall_scene139_row9/cloudy_s2.tif,heldout_fall_scene139_row9/sar_s1_vv_vh.tif,heldout_fall_scene139_row9/clear_s2_reference.tif
heldout_fall_scene139_row10,test,fall,scene_139,p110,10,,,"Official source dataset test split, in a scene absent from its listed train scenes.",heldout_fall_scene139_row10/cloudy_s2.tif,heldout_fall_scene139_row10/sar_s1_vv_vh.tif,heldout_fall_scene139_row10/clear_s2_reference.tif
heldout_fall_scene139_row11,test,fall,scene_139,p111,11,,,"Official source dataset test split, in a scene absent from its listed train scenes.",heldout_fall_scene139_row11/cloudy_s2.tif,heldout_fall_scene139_row11/sar_s1_vv_vh.tif,heldout_fall_scene139_row11/clear_s2_reference.tif
heldout_fall_scene139_row12,test,fall,scene_139,p112,12,,,"Official source dataset test split, in a scene absent from its listed train scenes.",heldout_fall_scene139_row12/cloudy_s2.tif,heldout_fall_scene139_row12/sar_s1_vv_vh.tif,heldout_fall_scene139_row12/clear_s2_reference.tif
heldout_fall_scene139_row13,test,fall,scene_139,p113,13,,,"Official source dataset test split, in a scene absent from its listed train scenes.",heldout_fall_scene139_row13/cloudy_s2.tif,heldout_fall_scene139_row13/sar_s1_vv_vh.tif,heldout_fall_scene139_row13/clear_s2_reference.tif
heldout_fall_scene139_row14,test,fall,scene_139,p114,14,,,"Official source dataset test split, in a scene absent from its listed train scenes.",heldout_fall_scene139_row14/cloudy_s2.tif,heldout_fall_scene139_row14/sar_s1_vv_vh.tif,heldout_fall_scene139_row14/clear_s2_reference.tif
heldout_fall_scene139_row15,test,fall,scene_139,p115,15,,,"Official source dataset test split, in a scene absent from its listed train scenes.",heldout_fall_scene139_row15/cloudy_s2.tif,heldout_fall_scene139_row15/sar_s1_vv_vh.tif,heldout_fall_scene139_row15/clear_s2_reference.tif
heldout_fall_scene139_row16,test,fall,scene_139,p117,16,,,"Official source dataset test split, in a scene absent from its listed train scenes.",heldout_fall_scene139_row16/cloudy_s2.tif,heldout_fall_scene139_row16/sar_s1_vv_vh.tif,heldout_fall_scene139_row16/clear_s2_reference.tif
heldout_fall_scene139_row17,test,fall,scene_139,p118,17,,,"Official source dataset test split, in a scene absent from its listed train scenes.",heldout_fall_scene139_row17/cloudy_s2.tif,heldout_fall_scene139_row17/sar_s1_vv_vh.tif,heldout_fall_scene139_row17/clear_s2_reference.tif
heldout_fall_scene139_row18,test,fall,scene_139,p119,18,,,"Official source dataset test split, in a scene absent from its listed train scenes.",heldout_fall_scene139_row18/cloudy_s2.tif,heldout_fall_scene139_row18/sar_s1_vv_vh.tif,heldout_fall_scene139_row18/clear_s2_reference.tif
heldout_fall_scene139_row19,test,fall,scene_139,p120,19,,,"Official source dataset test split, in a scene absent from its listed train scenes.",heldout_fall_scene139_row19/cloudy_s2.tif,heldout_fall_scene139_row19/sar_s1_vv_vh.tif,heldout_fall_scene139_row19/clear_s2_reference.tif
heldout_fall_scene139_row20,test,fall,scene_139,p121,20,,,"Official source dataset test split, in a scene absent from its listed train scenes.",heldout_fall_scene139_row20/cloudy_s2.tif,heldout_fall_scene139_row20/sar_s1_vv_vh.tif,heldout_fall_scene139_row20/clear_s2_reference.tif
heldout_fall_scene139_row21,test,fall,scene_139,p122,21,,,"Official source dataset test split, in a scene absent from its listed train scenes.",heldout_fall_scene139_row21/cloudy_s2.tif,heldout_fall_scene139_row21/sar_s1_vv_vh.tif,heldout_fall_scene139_row21/clear_s2_reference.tif
heldout_fall_scene139_row22,test,fall,scene_139,p123,22,,,"Official source dataset test split, in a scene absent from its listed train scenes.",heldout_fall_scene139_row22/cloudy_s2.tif,heldout_fall_scene139_row22/sar_s1_vv_vh.tif,heldout_fall_scene139_row22/clear_s2_reference.tif
heldout_fall_scene139_row23,test,fall,scene_139,p124,23,,,"Official source dataset test split, in a scene absent from its listed train scenes.",heldout_fall_scene139_row23/cloudy_s2.tif,heldout_fall_scene139_row23/sar_s1_vv_vh.tif,heldout_fall_scene139_row23/clear_s2_reference.tif
heldout_fall_scene139_row24,test,fall,scene_139,p125,24,,,"Official source dataset test split, in a scene absent from its listed train scenes.",heldout_fall_scene139_row24/cloudy_s2.tif,heldout_fall_scene139_row24/sar_s1_vv_vh.tif,heldout_fall_scene139_row24/clear_s2_reference.tif
heldout_fall_scene139_row25,test,fall,scene_139,p126,25,,,"Official source dataset test split, in a scene absent from its listed train scenes.",heldout_fall_scene139_row25/cloudy_s2.tif,heldout_fall_scene139_row25/sar_s1_vv_vh.tif,heldout_fall_scene139_row25/clear_s2_reference.tif
heldout_fall_scene139_row26,test,fall,scene_139,p127,26,,,"Official source dataset test split, in a scene absent from its listed train scenes.",heldout_fall_scene139_row26/cloudy_s2.tif,heldout_fall_scene139_row26/sar_s1_vv_vh.tif,heldout_fall_scene139_row26/clear_s2_reference.tif
heldout_fall_scene139_row27,test,fall,scene_139,p128,27,,,"Official source dataset test split, in a scene absent from its listed train scenes.",heldout_fall_scene139_row27/cloudy_s2.tif,heldout_fall_scene139_row27/sar_s1_vv_vh.tif,heldout_fall_scene139_row27/clear_s2_reference.tif
heldout_fall_scene139_row28,test,fall,scene_139,p129,28,,,"Official source dataset test split, in a scene absent from its listed train scenes.",heldout_fall_scene139_row28/cloudy_s2.tif,heldout_fall_scene139_row28/sar_s1_vv_vh.tif,heldout_fall_scene139_row28/clear_s2_reference.tif
heldout_fall_scene139_row29,test,fall,scene_139,p130,29,,,"Official source dataset test split, in a scene absent from its listed train scenes.",heldout_fall_scene139_row29/cloudy_s2.tif,heldout_fall_scene139_row29/sar_s1_vv_vh.tif,heldout_fall_scene139_row29/clear_s2_reference.tif
heldout_fall_scene139_row30,test,fall,scene_139,p131,30,,,"Official source dataset test split, in a scene absent from its listed train scenes.",heldout_fall_scene139_row30/cloudy_s2.tif,heldout_fall_scene139_row30/sar_s1_vv_vh.tif,heldout_fall_scene139_row30/clear_s2_reference.tif
heldout_fall_scene139_row31,test,fall,scene_139,p132,31,,,"Official source dataset test split, in a scene absent from its listed train scenes.",heldout_fall_scene139_row31/cloudy_s2.tif,heldout_fall_scene139_row31/sar_s1_vv_vh.tif,heldout_fall_scene139_row31/clear_s2_reference.tif
heldout_fall_scene139_row32,test,fall,scene_139,p133,32,,,"Official source dataset test split, in a scene absent from its listed train scenes.",heldout_fall_scene139_row32/cloudy_s2.tif,heldout_fall_scene139_row32/sar_s1_vv_vh.tif,heldout_fall_scene139_row32/clear_s2_reference.tif
heldout_fall_scene139_row33,test,fall,scene_139,p134,33,,,"Official source dataset test split, in a scene absent from its listed train scenes.",heldout_fall_scene139_row33/cloudy_s2.tif,heldout_fall_scene139_row33/sar_s1_vv_vh.tif,heldout_fall_scene139_row33/clear_s2_reference.tif
heldout_fall_scene139_row34,test,fall,scene_139,p135,34,,,"Official source dataset test split, in a scene absent from its listed train scenes.",heldout_fall_scene139_row34/cloudy_s2.tif,heldout_fall_scene139_row34/sar_s1_vv_vh.tif,heldout_fall_scene139_row34/clear_s2_reference.tif
heldout_fall_scene139_row35,test,fall,scene_139,p136,35,,,"Official source dataset test split, in a scene absent from its listed train scenes.",heldout_fall_scene139_row35/cloudy_s2.tif,heldout_fall_scene139_row35/sar_s1_vv_vh.tif,heldout_fall_scene139_row35/clear_s2_reference.tif
heldout_fall_scene139_row36,test,fall,scene_139,p137,36,,,"Official source dataset test split, in a scene absent from its listed train scenes.",heldout_fall_scene139_row36/cloudy_s2.tif,heldout_fall_scene139_row36/sar_s1_vv_vh.tif,heldout_fall_scene139_row36/clear_s2_reference.tif
heldout_fall_scene139_row37,test,fall,scene_139,p138,37,,,"Official source dataset test split, in a scene absent from its listed train scenes.",heldout_fall_scene139_row37/cloudy_s2.tif,heldout_fall_scene139_row37/sar_s1_vv_vh.tif,heldout_fall_scene139_row37/clear_s2_reference.tif
heldout_fall_scene139_row38,test,fall,scene_139,p139,38,,,"Official source dataset test split, in a scene absent from its listed train scenes.",heldout_fall_scene139_row38/cloudy_s2.tif,heldout_fall_scene139_row38/sar_s1_vv_vh.tif,heldout_fall_scene139_row38/clear_s2_reference.tif
heldout_fall_scene139_row39,test,fall,scene_139,p140,39,,,"Official source dataset test split, in a scene absent from its listed train scenes.",heldout_fall_scene139_row39/cloudy_s2.tif,heldout_fall_scene139_row39/sar_s1_vv_vh.tif,heldout_fall_scene139_row39/clear_s2_reference.tif
heldout_fall_scene139_row40,test,fall,scene_139,p141,40,,,"Official source dataset test split, in a scene absent from its listed train scenes.",heldout_fall_scene139_row40/cloudy_s2.tif,heldout_fall_scene139_row40/sar_s1_vv_vh.tif,heldout_fall_scene139_row40/clear_s2_reference.tif
heldout_fall_scene139_row41,test,fall,scene_139,p142,41,,,"Official source dataset test split, in a scene absent from its listed train scenes.",heldout_fall_scene139_row41/cloudy_s2.tif,heldout_fall_scene139_row41/sar_s1_vv_vh.tif,heldout_fall_scene139_row41/clear_s2_reference.tif
heldout_fall_scene139_row42,test,fall,scene_139,p143,42,,,"Official source dataset test split, in a scene absent from its listed train scenes.",heldout_fall_scene139_row42/cloudy_s2.tif,heldout_fall_scene139_row42/sar_s1_vv_vh.tif,heldout_fall_scene139_row42/clear_s2_reference.tif
heldout_fall_scene139_row43,test,fall,scene_139,p144,43,,,"Official source dataset test split, in a scene absent from its listed train scenes.",heldout_fall_scene139_row43/cloudy_s2.tif,heldout_fall_scene139_row43/sar_s1_vv_vh.tif,heldout_fall_scene139_row43/clear_s2_reference.tif
heldout_fall_scene139_row44,test,fall,scene_139,p146,44,,,"Official source dataset test split, in a scene absent from its listed train scenes.",heldout_fall_scene139_row44/cloudy_s2.tif,heldout_fall_scene139_row44/sar_s1_vv_vh.tif,heldout_fall_scene139_row44/clear_s2_reference.tif
heldout_fall_scene139_row45,test,fall,scene_139,p147,45,,,"Official source dataset test split, in a scene absent from its listed train scenes.",heldout_fall_scene139_row45/cloudy_s2.tif,heldout_fall_scene139_row45/sar_s1_vv_vh.tif,heldout_fall_scene139_row45/clear_s2_reference.tif
heldout_fall_scene139_row46,test,fall,scene_139,p148,46,,,"Official source dataset test split, in a scene absent from its listed train scenes.",heldout_fall_scene139_row46/cloudy_s2.tif,heldout_fall_scene139_row46/sar_s1_vv_vh.tif,heldout_fall_scene139_row46/clear_s2_reference.tif
heldout_fall_scene139_row47,test,fall,scene_139,p149,47,,,"Official source dataset test split, in a scene absent from its listed train scenes.",heldout_fall_scene139_row47/cloudy_s2.tif,heldout_fall_scene139_row47/sar_s1_vv_vh.tif,heldout_fall_scene139_row47/clear_s2_reference.tif
heldout_fall_scene139_row48,test,fall,scene_139,p150,48,,,"Official source dataset test split, in a scene absent from its listed train scenes.",heldout_fall_scene139_row48/cloudy_s2.tif,heldout_fall_scene139_row48/sar_s1_vv_vh.tif,heldout_fall_scene139_row48/clear_s2_reference.tif
heldout_fall_scene139_row49,test,fall,scene_139,p151,49,,,"Official source dataset test split, in a scene absent from its listed train scenes.",heldout_fall_scene139_row49/cloudy_s2.tif,heldout_fall_scene139_row49/sar_s1_vv_vh.tif,heldout_fall_scene139_row49/clear_s2_reference.tif
heldout_fall_scene139_row50,test,fall,scene_139,p152,50,,,"Official source dataset test split, in a scene absent from its listed train scenes.",heldout_fall_scene139_row50/cloudy_s2.tif,heldout_fall_scene139_row50/sar_s1_vv_vh.tif,heldout_fall_scene139_row50/clear_s2_reference.tif
heldout_fall_scene139_row51,test,fall,scene_139,p153,51,,,"Official source dataset test split, in a scene absent from its listed train scenes.",heldout_fall_scene139_row51/cloudy_s2.tif,heldout_fall_scene139_row51/sar_s1_vv_vh.tif,heldout_fall_scene139_row51/clear_s2_reference.tif
heldout_fall_scene139_row52,test,fall,scene_139,p154,52,,,"Official source dataset test split, in a scene absent from its listed train scenes.",heldout_fall_scene139_row52/cloudy_s2.tif,heldout_fall_scene139_row52/sar_s1_vv_vh.tif,heldout_fall_scene139_row52/clear_s2_reference.tif
heldout_fall_scene139_row53,test,fall,scene_139,p155,53,,,"Official source dataset test split, in a scene absent from its listed train scenes.",heldout_fall_scene139_row53/cloudy_s2.tif,heldout_fall_scene139_row53/sar_s1_vv_vh.tif,heldout_fall_scene139_row53/clear_s2_reference.tif
heldout_fall_scene139_row54,test,fall,scene_139,p156,54,,,"Official source dataset test split, in a scene absent from its listed train scenes.",heldout_fall_scene139_row54/cloudy_s2.tif,heldout_fall_scene139_row54/sar_s1_vv_vh.tif,heldout_fall_scene139_row54/clear_s2_reference.tif
heldout_fall_scene139_row55,test,fall,scene_139,p157,55,,,"Official source dataset test split, in a scene absent from its listed train scenes.",heldout_fall_scene139_row55/cloudy_s2.tif,heldout_fall_scene139_row55/sar_s1_vv_vh.tif,heldout_fall_scene139_row55/clear_s2_reference.tif
heldout_fall_scene139_row56,test,fall,scene_139,p158,56,,,"Official source dataset test split, in a scene absent from its listed train scenes.",heldout_fall_scene139_row56/cloudy_s2.tif,heldout_fall_scene139_row56/sar_s1_vv_vh.tif,heldout_fall_scene139_row56/clear_s2_reference.tif
heldout_fall_scene139_row57,test,fall,scene_139,p159,57,,,"Official source dataset test split, in a scene absent from its listed train scenes.",heldout_fall_scene139_row57/cloudy_s2.tif,heldout_fall_scene139_row57/sar_s1_vv_vh.tif,heldout_fall_scene139_row57/clear_s2_reference.tif
heldout_fall_scene139_row58,test,fall,scene_139,p160,58,,,"Official source dataset test split, in a scene absent from its listed train scenes.",heldout_fall_scene139_row58/cloudy_s2.tif,heldout_fall_scene139_row58/sar_s1_vv_vh.tif,heldout_fall_scene139_row58/clear_s2_reference.tif
heldout_fall_scene139_row59,test,fall,scene_139,p161,59,,,"Official source dataset test split, in a scene absent from its listed train scenes.",heldout_fall_scene139_row59/cloudy_s2.tif,heldout_fall_scene139_row59/sar_s1_vv_vh.tif,heldout_fall_scene139_row59/clear_s2_reference.tif
heldout_fall_scene139_row60,test,fall,scene_139,p162,60,,,"Official source dataset test split, in a scene absent from its listed train scenes.",heldout_fall_scene139_row60/cloudy_s2.tif,heldout_fall_scene139_row60/sar_s1_vv_vh.tif,heldout_fall_scene139_row60/clear_s2_reference.tif
heldout_fall_scene139_row61,test,fall,scene_139,p163,61,,,"Official source dataset test split, in a scene absent from its listed train scenes.",heldout_fall_scene139_row61/cloudy_s2.tif,heldout_fall_scene139_row61/sar_s1_vv_vh.tif,heldout_fall_scene139_row61/clear_s2_reference.tif
heldout_fall_scene139_row62,test,fall,scene_139,p164,62,,,"Official source dataset test split, in a scene absent from its listed train scenes.",heldout_fall_scene139_row62/cloudy_s2.tif,heldout_fall_scene139_row62/sar_s1_vv_vh.tif,heldout_fall_scene139_row62/clear_s2_reference.tif
heldout_fall_scene139_row63,test,fall,scene_139,p165,63,,,"Official source dataset test split, in a scene absent from its listed train scenes.",heldout_fall_scene139_row63/cloudy_s2.tif,heldout_fall_scene139_row63/sar_s1_vv_vh.tif,heldout_fall_scene139_row63/clear_s2_reference.tif
heldout_fall_scene139_row64,test,fall,scene_139,p166,64,,,"Official source dataset test split, in a scene absent from its listed train scenes.",heldout_fall_scene139_row64/cloudy_s2.tif,heldout_fall_scene139_row64/sar_s1_vv_vh.tif,heldout_fall_scene139_row64/clear_s2_reference.tif
heldout_fall_scene139_row65,test,fall,scene_139,p167,65,,,"Official source dataset test split, in a scene absent from its listed train scenes.",heldout_fall_scene139_row65/cloudy_s2.tif,heldout_fall_scene139_row65/sar_s1_vv_vh.tif,heldout_fall_scene139_row65/clear_s2_reference.tif
heldout_fall_scene139_row66,test,fall,scene_139,p168,66,,,"Official source dataset test split, in a scene absent from its listed train scenes.",heldout_fall_scene139_row66/cloudy_s2.tif,heldout_fall_scene139_row66/sar_s1_vv_vh.tif,heldout_fall_scene139_row66/clear_s2_reference.tif
heldout_fall_scene139_row67,test,fall,scene_139,p169,67,,,"Official source dataset test split, in a scene absent from its listed train scenes.",heldout_fall_scene139_row67/cloudy_s2.tif,heldout_fall_scene139_row67/sar_s1_vv_vh.tif,heldout_fall_scene139_row67/clear_s2_reference.tif
heldout_fall_scene139_row68,test,fall,scene_139,p170,68,,,"Official source dataset test split, in a scene absent from its listed train scenes.",heldout_fall_scene139_row68/cloudy_s2.tif,heldout_fall_scene139_row68/sar_s1_vv_vh.tif,heldout_fall_scene139_row68/clear_s2_reference.tif
heldout_fall_scene139_row69,test,fall,scene_139,p171,69,,,"Official source dataset test split, in a scene absent from its listed train scenes.",heldout_fall_scene139_row69/cloudy_s2.tif,heldout_fall_scene139_row69/sar_s1_vv_vh.tif,heldout_fall_scene139_row69/clear_s2_reference.tif
heldout_fall_scene139_row70,test,fall,scene_139,p172,70,,,"Official source dataset test split, in a scene absent from its listed train scenes.",heldout_fall_scene139_row70/cloudy_s2.tif,heldout_fall_scene139_row70/sar_s1_vv_vh.tif,heldout_fall_scene139_row70/clear_s2_reference.tif
heldout_fall_scene139_row71,test,fall,scene_139,p173,71,,,"Official source dataset test split, in a scene absent from its listed train scenes.",heldout_fall_scene139_row71/cloudy_s2.tif,heldout_fall_scene139_row71/sar_s1_vv_vh.tif,heldout_fall_scene139_row71/clear_s2_reference.tif
heldout_fall_scene139_row72,test,fall,scene_139,p175,72,,,"Official source dataset test split, in a scene absent from its listed train scenes.",heldout_fall_scene139_row72/cloudy_s2.tif,heldout_fall_scene139_row72/sar_s1_vv_vh.tif,heldout_fall_scene139_row72/clear_s2_reference.tif
heldout_fall_scene139_row73,test,fall,scene_139,p176,73,,,"Official source dataset test split, in a scene absent from its listed train scenes.",heldout_fall_scene139_row73/cloudy_s2.tif,heldout_fall_scene139_row73/sar_s1_vv_vh.tif,heldout_fall_scene139_row73/clear_s2_reference.tif
heldout_fall_scene139_row74,test,fall,scene_139,p177,74,,,"Official source dataset test split, in a scene absent from its listed train scenes.",heldout_fall_scene139_row74/cloudy_s2.tif,heldout_fall_scene139_row74/sar_s1_vv_vh.tif,heldout_fall_scene139_row74/clear_s2_reference.tif
heldout_fall_scene139_row75,test,fall,scene_139,p178,75,,,"Official source dataset test split, in a scene absent from its listed train scenes.",heldout_fall_scene139_row75/cloudy_s2.tif,heldout_fall_scene139_row75/sar_s1_vv_vh.tif,heldout_fall_scene139_row75/clear_s2_reference.tif
heldout_fall_scene139_row76,test,fall,scene_139,p179,76,,,"Official source dataset test split, in a scene absent from its listed train scenes.",heldout_fall_scene139_row76/cloudy_s2.tif,heldout_fall_scene139_row76/sar_s1_vv_vh.tif,heldout_fall_scene139_row76/clear_s2_reference.tif
heldout_fall_scene139_row77,test,fall,scene_139,p180,77,,,"Official source dataset test split, in a scene absent from its listed train scenes.",heldout_fall_scene139_row77/cloudy_s2.tif,heldout_fall_scene139_row77/sar_s1_vv_vh.tif,heldout_fall_scene139_row77/clear_s2_reference.tif
heldout_fall_scene139_row78,test,fall,scene_139,p181,78,,,"Official source dataset test split, in a scene absent from its listed train scenes.",heldout_fall_scene139_row78/cloudy_s2.tif,heldout_fall_scene139_row78/sar_s1_vv_vh.tif,heldout_fall_scene139_row78/clear_s2_reference.tif
heldout_fall_scene139_row79,test,fall,scene_139,p182,79,,,"Official source dataset test split, in a scene absent from its listed train scenes.",heldout_fall_scene139_row79/cloudy_s2.tif,heldout_fall_scene139_row79/sar_s1_vv_vh.tif,heldout_fall_scene139_row79/clear_s2_reference.tif
heldout_fall_scene139_row80,test,fall,scene_139,p183,80,,,"Official source dataset test split, in a scene absent from its listed train scenes.",heldout_fall_scene139_row80/cloudy_s2.tif,heldout_fall_scene139_row80/sar_s1_vv_vh.tif,heldout_fall_scene139_row80/clear_s2_reference.tif
heldout_fall_scene139_row81,test,fall,scene_139,p184,81,,,"Official source dataset test split, in a scene absent from its listed train scenes.",heldout_fall_scene139_row81/cloudy_s2.tif,heldout_fall_scene139_row81/sar_s1_vv_vh.tif,heldout_fall_scene139_row81/clear_s2_reference.tif
heldout_fall_scene139_row82,test,fall,scene_139,p185,82,,,"Official source dataset test split, in a scene absent from its listed train scenes.",heldout_fall_scene139_row82/cloudy_s2.tif,heldout_fall_scene139_row82/sar_s1_vv_vh.tif,heldout_fall_scene139_row82/clear_s2_reference.tif
heldout_fall_scene139_row83,test,fall,scene_139,p186,83,,,"Official source dataset test split, in a scene absent from its listed train scenes.",heldout_fall_scene139_row83/cloudy_s2.tif,heldout_fall_scene139_row83/sar_s1_vv_vh.tif,heldout_fall_scene139_row83/clear_s2_reference.tif
heldout_fall_scene139_row84,test,fall,scene_139,p187,84,,,"Official source dataset test split, in a scene absent from its listed train scenes.",heldout_fall_scene139_row84/cloudy_s2.tif,heldout_fall_scene139_row84/sar_s1_vv_vh.tif,heldout_fall_scene139_row84/clear_s2_reference.tif
heldout_fall_scene139_row85,test,fall,scene_139,p188,85,,,"Official source dataset test split, in a scene absent from its listed train scenes.",heldout_fall_scene139_row85/cloudy_s2.tif,heldout_fall_scene139_row85/sar_s1_vv_vh.tif,heldout_fall_scene139_row85/clear_s2_reference.tif
heldout_fall_scene139_row86,test,fall,scene_139,p189,86,,,"Official source dataset test split, in a scene absent from its listed train scenes.",heldout_fall_scene139_row86/cloudy_s2.tif,heldout_fall_scene139_row86/sar_s1_vv_vh.tif,heldout_fall_scene139_row86/clear_s2_reference.tif
heldout_fall_scene139_row87,test,fall,scene_139,p190,87,,,"Official source dataset test split, in a scene absent from its listed train scenes.",heldout_fall_scene139_row87/cloudy_s2.tif,heldout_fall_scene139_row87/sar_s1_vv_vh.tif,heldout_fall_scene139_row87/clear_s2_reference.tif
heldout_fall_scene139_row88,test,fall,scene_139,p191,88,,,"Official source dataset test split, in a scene absent from its listed train scenes.",heldout_fall_scene139_row88/cloudy_s2.tif,heldout_fall_scene139_row88/sar_s1_vv_vh.tif,heldout_fall_scene139_row88/clear_s2_reference.tif
heldout_fall_scene139_row89,test,fall,scene_139,p192,89,,,"Official source dataset test split, in a scene absent from its listed train scenes.",heldout_fall_scene139_row89/cloudy_s2.tif,heldout_fall_scene139_row89/sar_s1_vv_vh.tif,heldout_fall_scene139_row89/clear_s2_reference.tif
heldout_fall_scene139_row90,test,fall,scene_139,p193,90,,,"Official source dataset test split, in a scene absent from its listed train scenes.",heldout_fall_scene139_row90/cloudy_s2.tif,heldout_fall_scene139_row90/sar_s1_vv_vh.tif,heldout_fall_scene139_row90/clear_s2_reference.tif
heldout_fall_scene139_row91,test,fall,scene_139,p194,91,,,"Official source dataset test split, in a scene absent from its listed train scenes.",heldout_fall_scene139_row91/cloudy_s2.tif,heldout_fall_scene139_row91/sar_s1_vv_vh.tif,heldout_fall_scene139_row91/clear_s2_reference.tif
heldout_fall_scene139_row92,test,fall,scene_139,p195,92,,,"Official source dataset test split, in a scene absent from its listed train scenes.",heldout_fall_scene139_row92/cloudy_s2.tif,heldout_fall_scene139_row92/sar_s1_vv_vh.tif,heldout_fall_scene139_row92/clear_s2_reference.tif
heldout_fall_scene139_row93,test,fall,scene_139,p196,93,,,"Official source dataset test split, in a scene absent from its listed train scenes.",heldout_fall_scene139_row93/cloudy_s2.tif,heldout_fall_scene139_row93/sar_s1_vv_vh.tif,heldout_fall_scene139_row93/clear_s2_reference.tif
heldout_fall_scene139_row94,test,fall,scene_139,p197,94,,,"Official source dataset test split, in a scene absent from its listed train scenes.",heldout_fall_scene139_row94/cloudy_s2.tif,heldout_fall_scene139_row94/sar_s1_vv_vh.tif,heldout_fall_scene139_row94/clear_s2_reference.tif
heldout_fall_scene139_row95,test,fall,scene_139,p198,95,,,"Official source dataset test split, in a scene absent from its listed train scenes.",heldout_fall_scene139_row95/cloudy_s2.tif,heldout_fall_scene139_row95/sar_s1_vv_vh.tif,heldout_fall_scene139_row95/clear_s2_reference.tif
heldout_winter_scene63,test,winter,scene_63,p100,0,,,"Official source dataset test split, in a scene absent from its listed train scenes.",heldout_winter_scene63/cloudy_s2.tif,heldout_winter_scene63/sar_s1_vv_vh.tif,heldout_winter_scene63/clear_s2_reference.tif
heldout_winter_scene63_row1,test,winter,scene_63,p101,1,,,"Official source dataset test split, in a scene absent from its listed train scenes.",heldout_winter_scene63_row1/cloudy_s2.tif,heldout_winter_scene63_row1/sar_s1_vv_vh.tif,heldout_winter_scene63_row1/clear_s2_reference.tif
heldout_winter_scene63_row2,test,winter,scene_63,p102,2,,,"Official source dataset test split, in a scene absent from its listed train scenes.",heldout_winter_scene63_row2/cloudy_s2.tif,heldout_winter_scene63_row2/sar_s1_vv_vh.tif,heldout_winter_scene63_row2/clear_s2_reference.tif
heldout_winter_scene63_row3,test,winter,scene_63,p103,3,,,"Official source dataset test split, in a scene absent from its listed train scenes.",heldout_winter_scene63_row3/cloudy_s2.tif,heldout_winter_scene63_row3/sar_s1_vv_vh.tif,heldout_winter_scene63_row3/clear_s2_reference.tif
heldout_winter_scene63_row4,test,winter,scene_63,p104,4,,,"Official source dataset test split, in a scene absent from its listed train scenes.",heldout_winter_scene63_row4/cloudy_s2.tif,heldout_winter_scene63_row4/sar_s1_vv_vh.tif,heldout_winter_scene63_row4/clear_s2_reference.tif
heldout_winter_scene63_row5,test,winter,scene_63,p105,5,,,"Official source dataset test split, in a scene absent from its listed train scenes.",heldout_winter_scene63_row5/cloudy_s2.tif,heldout_winter_scene63_row5/sar_s1_vv_vh.tif,heldout_winter_scene63_row5/clear_s2_reference.tif
heldout_winter_scene63_row6,test,winter,scene_63,p106,6,,,"Official source dataset test split, in a scene absent from its listed train scenes.",heldout_winter_scene63_row6/cloudy_s2.tif,heldout_winter_scene63_row6/sar_s1_vv_vh.tif,heldout_winter_scene63_row6/clear_s2_reference.tif
heldout_winter_scene63_row7,test,winter,scene_63,p107,7,,,"Official source dataset test split, in a scene absent from its listed train scenes.",heldout_winter_scene63_row7/cloudy_s2.tif,heldout_winter_scene63_row7/sar_s1_vv_vh.tif,heldout_winter_scene63_row7/clear_s2_reference.tif
heldout_winter_scene63_row8,test,winter,scene_63,p108,8,,,"Official source dataset test split, in a scene absent from its listed train scenes.",heldout_winter_scene63_row8/cloudy_s2.tif,heldout_winter_scene63_row8/sar_s1_vv_vh.tif,heldout_winter_scene63_row8/clear_s2_reference.tif
heldout_winter_scene63_row9,test,winter,scene_63,p109,9,,,"Official source dataset test split, in a scene absent from its listed train scenes.",heldout_winter_scene63_row9/cloudy_s2.tif,heldout_winter_scene63_row9/sar_s1_vv_vh.tif,heldout_winter_scene63_row9/clear_s2_reference.tif
heldout_winter_scene63_row10,test,winter,scene_63,p110,10,,,"Official source dataset test split, in a scene absent from its listed train scenes.",heldout_winter_scene63_row10/cloudy_s2.tif,heldout_winter_scene63_row10/sar_s1_vv_vh.tif,heldout_winter_scene63_row10/clear_s2_reference.tif
heldout_winter_scene63_row11,test,winter,scene_63,p111,11,,,"Official source dataset test split, in a scene absent from its listed train scenes.",heldout_winter_scene63_row11/cloudy_s2.tif,heldout_winter_scene63_row11/sar_s1_vv_vh.tif,heldout_winter_scene63_row11/clear_s2_reference.tif
heldout_winter_scene63_row12,test,winter,scene_63,p112,12,,,"Official source dataset test split, in a scene absent from its listed train scenes.",heldout_winter_scene63_row12/cloudy_s2.tif,heldout_winter_scene63_row12/sar_s1_vv_vh.tif,heldout_winter_scene63_row12/clear_s2_reference.tif
heldout_winter_scene63_row13,test,winter,scene_63,p113,13,,,"Official source dataset test split, in a scene absent from its listed train scenes.",heldout_winter_scene63_row13/cloudy_s2.tif,heldout_winter_scene63_row13/sar_s1_vv_vh.tif,heldout_winter_scene63_row13/clear_s2_reference.tif
heldout_winter_scene63_row14,test,winter,scene_63,p114,14,,,"Official source dataset test split, in a scene absent from its listed train scenes.",heldout_winter_scene63_row14/cloudy_s2.tif,heldout_winter_scene63_row14/sar_s1_vv_vh.tif,heldout_winter_scene63_row14/clear_s2_reference.tif
heldout_winter_scene63_row15,test,winter,scene_63,p115,15,,,"Official source dataset test split, in a scene absent from its listed train scenes.",heldout_winter_scene63_row15/cloudy_s2.tif,heldout_winter_scene63_row15/sar_s1_vv_vh.tif,heldout_winter_scene63_row15/clear_s2_reference.tif
heldout_winter_scene63_row16,test,winter,scene_63,p117,16,,,"Official source dataset test split, in a scene absent from its listed train scenes.",heldout_winter_scene63_row16/cloudy_s2.tif,heldout_winter_scene63_row16/sar_s1_vv_vh.tif,heldout_winter_scene63_row16/clear_s2_reference.tif
heldout_winter_scene63_row17,test,winter,scene_63,p118,17,,,"Official source dataset test split, in a scene absent from its listed train scenes.",heldout_winter_scene63_row17/cloudy_s2.tif,heldout_winter_scene63_row17/sar_s1_vv_vh.tif,heldout_winter_scene63_row17/clear_s2_reference.tif
heldout_winter_scene63_row18,test,winter,scene_63,p119,18,,,"Official source dataset test split, in a scene absent from its listed train scenes.",heldout_winter_scene63_row18/cloudy_s2.tif,heldout_winter_scene63_row18/sar_s1_vv_vh.tif,heldout_winter_scene63_row18/clear_s2_reference.tif
heldout_winter_scene63_row19,test,winter,scene_63,p120,19,,,"Official source dataset test split, in a scene absent from its listed train scenes.",heldout_winter_scene63_row19/cloudy_s2.tif,heldout_winter_scene63_row19/sar_s1_vv_vh.tif,heldout_winter_scene63_row19/clear_s2_reference.tif
heldout_winter_scene63_row20,test,winter,scene_63,p121,20,,,"Official source dataset test split, in a scene absent from its listed train scenes.",heldout_winter_scene63_row20/cloudy_s2.tif,heldout_winter_scene63_row20/sar_s1_vv_vh.tif,heldout_winter_scene63_row20/clear_s2_reference.tif
heldout_winter_scene63_row21,test,winter,scene_63,p122,21,,,"Official source dataset test split, in a scene absent from its listed train scenes.",heldout_winter_scene63_row21/cloudy_s2.tif,heldout_winter_scene63_row21/sar_s1_vv_vh.tif,heldout_winter_scene63_row21/clear_s2_reference.tif
heldout_winter_scene63_row22,test,winter,scene_63,p123,22,,,"Official source dataset test split, in a scene absent from its listed train scenes.",heldout_winter_scene63_row22/cloudy_s2.tif,heldout_winter_scene63_row22/sar_s1_vv_vh.tif,heldout_winter_scene63_row22/clear_s2_reference.tif
heldout_winter_scene63_row23,test,winter,scene_63,p124,23,,,"Official source dataset test split, in a scene absent from its listed train scenes.",heldout_winter_scene63_row23/cloudy_s2.tif,heldout_winter_scene63_row23/sar_s1_vv_vh.tif,heldout_winter_scene63_row23/clear_s2_reference.tif
heldout_winter_scene63_row24,test,winter,scene_63,p125,24,,,"Official source dataset test split, in a scene absent from its listed train scenes.",heldout_winter_scene63_row24/cloudy_s2.tif,heldout_winter_scene63_row24/sar_s1_vv_vh.tif,heldout_winter_scene63_row24/clear_s2_reference.tif
heldout_winter_scene63_row25,test,winter,scene_63,p126,25,,,"Official source dataset test split, in a scene absent from its listed train scenes.",heldout_winter_scene63_row25/cloudy_s2.tif,heldout_winter_scene63_row25/sar_s1_vv_vh.tif,heldout_winter_scene63_row25/clear_s2_reference.tif
heldout_winter_scene63_row26,test,winter,scene_63,p127,26,,,"Official source dataset test split, in a scene absent from its listed train scenes.",heldout_winter_scene63_row26/cloudy_s2.tif,heldout_winter_scene63_row26/sar_s1_vv_vh.tif,heldout_winter_scene63_row26/clear_s2_reference.tif
heldout_winter_scene63_row27,test,winter,scene_63,p128,27,,,"Official source dataset test split, in a scene absent from its listed train scenes.",heldout_winter_scene63_row27/cloudy_s2.tif,heldout_winter_scene63_row27/sar_s1_vv_vh.tif,heldout_winter_scene63_row27/clear_s2_reference.tif
heldout_winter_scene63_row28,test,winter,scene_63,p129,28,,,"Official source dataset test split, in a scene absent from its listed train scenes.",heldout_winter_scene63_row28/cloudy_s2.tif,heldout_winter_scene63_row28/sar_s1_vv_vh.tif,heldout_winter_scene63_row28/clear_s2_reference.tif
heldout_winter_scene63_row29,test,winter,scene_63,p130,29,,,"Official source dataset test split, in a scene absent from its listed train scenes.",heldout_winter_scene63_row29/cloudy_s2.tif,heldout_winter_scene63_row29/sar_s1_vv_vh.tif,heldout_winter_scene63_row29/clear_s2_reference.tif
heldout_winter_scene63_row30,test,winter,scene_63,p131,30,,,"Official source dataset test split, in a scene absent from its listed train scenes.",heldout_winter_scene63_row30/cloudy_s2.tif,heldout_winter_scene63_row30/sar_s1_vv_vh.tif,heldout_winter_scene63_row30/clear_s2_reference.tif
heldout_winter_scene63_row31,test,winter,scene_63,p132,31,,,"Official source dataset test split, in a scene absent from its listed train scenes.",heldout_winter_scene63_row31/cloudy_s2.tif,heldout_winter_scene63_row31/sar_s1_vv_vh.tif,heldout_winter_scene63_row31/clear_s2_reference.tif
heldout_winter_scene63_row32,test,winter,scene_63,p133,32,,,"Official source dataset test split, in a scene absent from its listed train scenes.",heldout_winter_scene63_row32/cloudy_s2.tif,heldout_winter_scene63_row32/sar_s1_vv_vh.tif,heldout_winter_scene63_row32/clear_s2_reference.tif
heldout_winter_scene63_row33,test,winter,scene_63,p134,33,,,"Official source dataset test split, in a scene absent from its listed train scenes.",heldout_winter_scene63_row33/cloudy_s2.tif,heldout_winter_scene63_row33/sar_s1_vv_vh.tif,heldout_winter_scene63_row33/clear_s2_reference.tif
heldout_winter_scene63_row34,test,winter,scene_63,p135,34,,,"Official source dataset test split, in a scene absent from its listed train scenes.",heldout_winter_scene63_row34/cloudy_s2.tif,heldout_winter_scene63_row34/sar_s1_vv_vh.tif,heldout_winter_scene63_row34/clear_s2_reference.tif
heldout_winter_scene63_row35,test,winter,scene_63,p136,35,,,"Official source dataset test split, in a scene absent from its listed train scenes.",heldout_winter_scene63_row35/cloudy_s2.tif,heldout_winter_scene63_row35/sar_s1_vv_vh.tif,heldout_winter_scene63_row35/clear_s2_reference.tif
heldout_winter_scene63_row36,test,winter,scene_63,p137,36,,,"Official source dataset test split, in a scene absent from its listed train scenes.",heldout_winter_scene63_row36/cloudy_s2.tif,heldout_winter_scene63_row36/sar_s1_vv_vh.tif,heldout_winter_scene63_row36/clear_s2_reference.tif
heldout_winter_scene63_row37,test,winter,scene_63,p138,37,,,"Official source dataset test split, in a scene absent from its listed train scenes.",heldout_winter_scene63_row37/cloudy_s2.tif,heldout_winter_scene63_row37/sar_s1_vv_vh.tif,heldout_winter_scene63_row37/clear_s2_reference.tif
heldout_winter_scene63_row38,test,winter,scene_63,p139,38,,,"Official source dataset test split, in a scene absent from its listed train scenes.",heldout_winter_scene63_row38/cloudy_s2.tif,heldout_winter_scene63_row38/sar_s1_vv_vh.tif,heldout_winter_scene63_row38/clear_s2_reference.tif
heldout_winter_scene63_row39,test,winter,scene_63,p140,39,,,"Official source dataset test split, in a scene absent from its listed train scenes.",heldout_winter_scene63_row39/cloudy_s2.tif,heldout_winter_scene63_row39/sar_s1_vv_vh.tif,heldout_winter_scene63_row39/clear_s2_reference.tif
heldout_winter_scene63_row40,test,winter,scene_63,p141,40,,,"Official source dataset test split, in a scene absent from its listed train scenes.",heldout_winter_scene63_row40/cloudy_s2.tif,heldout_winter_scene63_row40/sar_s1_vv_vh.tif,heldout_winter_scene63_row40/clear_s2_reference.tif
heldout_winter_scene63_row41,test,winter,scene_63,p142,41,,,"Official source dataset test split, in a scene absent from its listed train scenes.",heldout_winter_scene63_row41/cloudy_s2.tif,heldout_winter_scene63_row41/sar_s1_vv_vh.tif,heldout_winter_scene63_row41/clear_s2_reference.tif
heldout_winter_scene63_row42,test,winter,scene_63,p143,42,,,"Official source dataset test split, in a scene absent from its listed train scenes.",heldout_winter_scene63_row42/cloudy_s2.tif,heldout_winter_scene63_row42/sar_s1_vv_vh.tif,heldout_winter_scene63_row42/clear_s2_reference.tif
heldout_winter_scene63_row43,test,winter,scene_63,p144,43,,,"Official source dataset test split, in a scene absent from its listed train scenes.",heldout_winter_scene63_row43/cloudy_s2.tif,heldout_winter_scene63_row43/sar_s1_vv_vh.tif,heldout_winter_scene63_row43/clear_s2_reference.tif
heldout_winter_scene63_row44,test,winter,scene_63,p146,44,,,"Official source dataset test split, in a scene absent from its listed train scenes.",heldout_winter_scene63_row44/cloudy_s2.tif,heldout_winter_scene63_row44/sar_s1_vv_vh.tif,heldout_winter_scene63_row44/clear_s2_reference.tif
heldout_winter_scene63_row45,test,winter,scene_63,p147,45,,,"Official source dataset test split, in a scene absent from its listed train scenes.",heldout_winter_scene63_row45/cloudy_s2.tif,heldout_winter_scene63_row45/sar_s1_vv_vh.tif,heldout_winter_scene63_row45/clear_s2_reference.tif
heldout_winter_scene63_row46,test,winter,scene_63,p148,46,,,"Official source dataset test split, in a scene absent from its listed train scenes.",heldout_winter_scene63_row46/cloudy_s2.tif,heldout_winter_scene63_row46/sar_s1_vv_vh.tif,heldout_winter_scene63_row46/clear_s2_reference.tif
heldout_winter_scene63_row47,test,winter,scene_63,p149,47,,,"Official source dataset test split, in a scene absent from its listed train scenes.",heldout_winter_scene63_row47/cloudy_s2.tif,heldout_winter_scene63_row47/sar_s1_vv_vh.tif,heldout_winter_scene63_row47/clear_s2_reference.tif
heldout_winter_scene63_row48,test,winter,scene_63,p150,48,,,"Official source dataset test split, in a scene absent from its listed train scenes.",heldout_winter_scene63_row48/cloudy_s2.tif,heldout_winter_scene63_row48/sar_s1_vv_vh.tif,heldout_winter_scene63_row48/clear_s2_reference.tif
heldout_winter_scene63_row49,test,winter,scene_63,p151,49,,,"Official source dataset test split, in a scene absent from its listed train scenes.",heldout_winter_scene63_row49/cloudy_s2.tif,heldout_winter_scene63_row49/sar_s1_vv_vh.tif,heldout_winter_scene63_row49/clear_s2_reference.tif
heldout_winter_scene63_row50,test,winter,scene_63,p152,50,,,"Official source dataset test split, in a scene absent from its listed train scenes.",heldout_winter_scene63_row50/cloudy_s2.tif,heldout_winter_scene63_row50/sar_s1_vv_vh.tif,heldout_winter_scene63_row50/clear_s2_reference.tif
heldout_winter_scene63_row51,test,winter,scene_63,p153,51,,,"Official source dataset test split, in a scene absent from its listed train scenes.",heldout_winter_scene63_row51/cloudy_s2.tif,heldout_winter_scene63_row51/sar_s1_vv_vh.tif,heldout_winter_scene63_row51/clear_s2_reference.tif
heldout_winter_scene63_row52,test,winter,scene_63,p154,52,,,"Official source dataset test split, in a scene absent from its listed train scenes.",heldout_winter_scene63_row52/cloudy_s2.tif,heldout_winter_scene63_row52/sar_s1_vv_vh.tif,heldout_winter_scene63_row52/clear_s2_reference.tif
heldout_winter_scene63_row53,test,winter,scene_63,p155,53,,,"Official source dataset test split, in a scene absent from its listed train scenes.",heldout_winter_scene63_row53/cloudy_s2.tif,heldout_winter_scene63_row53/sar_s1_vv_vh.tif,heldout_winter_scene63_row53/clear_s2_reference.tif
heldout_winter_scene63_row54,test,winter,scene_63,p156,54,,,"Official source dataset test split, in a scene absent from its listed train scenes.",heldout_winter_scene63_row54/cloudy_s2.tif,heldout_winter_scene63_row54/sar_s1_vv_vh.tif,heldout_winter_scene63_row54/clear_s2_reference.tif
heldout_winter_scene63_row55,test,winter,scene_63,p157,55,,,"Official source dataset test split, in a scene absent from its listed train scenes.",heldout_winter_scene63_row55/cloudy_s2.tif,heldout_winter_scene63_row55/sar_s1_vv_vh.tif,heldout_winter_scene63_row55/clear_s2_reference.tif
heldout_winter_scene63_row56,test,winter,scene_63,p158,56,,,"Official source dataset test split, in a scene absent from its listed train scenes.",heldout_winter_scene63_row56/cloudy_s2.tif,heldout_winter_scene63_row56/sar_s1_vv_vh.tif,heldout_winter_scene63_row56/clear_s2_reference.tif
heldout_winter_scene63_row57,test,winter,scene_63,p159,57,,,"Official source dataset test split, in a scene absent from its listed train scenes.",heldout_winter_scene63_row57/cloudy_s2.tif,heldout_winter_scene63_row57/sar_s1_vv_vh.tif,heldout_winter_scene63_row57/clear_s2_reference.tif
heldout_winter_scene63_row58,test,winter,scene_63,p160,58,,,"Official source dataset test split, in a scene absent from its listed train scenes.",heldout_winter_scene63_row58/cloudy_s2.tif,heldout_winter_scene63_row58/sar_s1_vv_vh.tif,heldout_winter_scene63_row58/clear_s2_reference.tif
heldout_winter_scene63_row59,test,winter,scene_63,p161,59,,,"Official source dataset test split, in a scene absent from its listed train scenes.",heldout_winter_scene63_row59/cloudy_s2.tif,heldout_winter_scene63_row59/sar_s1_vv_vh.tif,heldout_winter_scene63_row59/clear_s2_reference.tif
heldout_winter_scene63_row60,test,winter,scene_63,p162,60,,,"Official source dataset test split, in a scene absent from its listed train scenes.",heldout_winter_scene63_row60/cloudy_s2.tif,heldout_winter_scene63_row60/sar_s1_vv_vh.tif,heldout_winter_scene63_row60/clear_s2_reference.tif
heldout_winter_scene63_row61,test,winter,scene_63,p163,61,,,"Official source dataset test split, in a scene absent from its listed train scenes.",heldout_winter_scene63_row61/cloudy_s2.tif,heldout_winter_scene63_row61/sar_s1_vv_vh.tif,heldout_winter_scene63_row61/clear_s2_reference.tif
heldout_winter_scene63_row62,test,winter,scene_63,p164,62,,,"Official source dataset test split, in a scene absent from its listed train scenes.",heldout_winter_scene63_row62/cloudy_s2.tif,heldout_winter_scene63_row62/sar_s1_vv_vh.tif,heldout_winter_scene63_row62/clear_s2_reference.tif
heldout_winter_scene63_row63,test,winter,scene_63,p165,63,,,"Official source dataset test split, in a scene absent from its listed train scenes.",heldout_winter_scene63_row63/cloudy_s2.tif,heldout_winter_scene63_row63/sar_s1_vv_vh.tif,heldout_winter_scene63_row63/clear_s2_reference.tif
heldout_winter_scene63_row64,test,winter,scene_63,p166,64,,,"Official source dataset test split, in a scene absent from its listed train scenes.",heldout_winter_scene63_row64/cloudy_s2.tif,heldout_winter_scene63_row64/sar_s1_vv_vh.tif,heldout_winter_scene63_row64/clear_s2_reference.tif
heldout_winter_scene63_row65,test,winter,scene_63,p167,65,,,"Official source dataset test split, in a scene absent from its listed train scenes.",heldout_winter_scene63_row65/cloudy_s2.tif,heldout_winter_scene63_row65/sar_s1_vv_vh.tif,heldout_winter_scene63_row65/clear_s2_reference.tif
heldout_winter_scene63_row66,test,winter,scene_63,p168,66,,,"Official source dataset test split, in a scene absent from its listed train scenes.",heldout_winter_scene63_row66/cloudy_s2.tif,heldout_winter_scene63_row66/sar_s1_vv_vh.tif,heldout_winter_scene63_row66/clear_s2_reference.tif
heldout_winter_scene63_row67,test,winter,scene_63,p169,67,,,"Official source dataset test split, in a scene absent from its listed train scenes.",heldout_winter_scene63_row67/cloudy_s2.tif,heldout_winter_scene63_row67/sar_s1_vv_vh.tif,heldout_winter_scene63_row67/clear_s2_reference.tif
heldout_winter_scene63_row68,test,winter,scene_63,p170,68,,,"Official source dataset test split, in a scene absent from its listed train scenes.",heldout_winter_scene63_row68/cloudy_s2.tif,heldout_winter_scene63_row68/sar_s1_vv_vh.tif,heldout_winter_scene63_row68/clear_s2_reference.tif
heldout_winter_scene63_row69,test,winter,scene_63,p171,69,,,"Official source dataset test split, in a scene absent from its listed train scenes.",heldout_winter_scene63_row69/cloudy_s2.tif,heldout_winter_scene63_row69/sar_s1_vv_vh.tif,heldout_winter_scene63_row69/clear_s2_reference.tif
heldout_winter_scene63_row70,test,winter,scene_63,p172,70,,,"Official source dataset test split, in a scene absent from its listed train scenes.",heldout_winter_scene63_row70/cloudy_s2.tif,heldout_winter_scene63_row70/sar_s1_vv_vh.tif,heldout_winter_scene63_row70/clear_s2_reference.tif
heldout_winter_scene63_row71,test,winter,scene_63,p173,71,,,"Official source dataset test split, in a scene absent from its listed train scenes.",heldout_winter_scene63_row71/cloudy_s2.tif,heldout_winter_scene63_row71/sar_s1_vv_vh.tif,heldout_winter_scene63_row71/clear_s2_reference.tif
heldout_winter_scene63_row72,test,winter,scene_63,p175,72,,,"Official source dataset test split, in a scene absent from its listed train scenes.",heldout_winter_scene63_row72/cloudy_s2.tif,heldout_winter_scene63_row72/sar_s1_vv_vh.tif,heldout_winter_scene63_row72/clear_s2_reference.tif
heldout_winter_scene63_row73,test,winter,scene_63,p176,73,,,"Official source dataset test split, in a scene absent from its listed train scenes.",heldout_winter_scene63_row73/cloudy_s2.tif,heldout_winter_scene63_row73/sar_s1_vv_vh.tif,heldout_winter_scene63_row73/clear_s2_reference.tif
heldout_winter_scene63_row74,test,winter,scene_63,p177,74,,,"Official source dataset test split, in a scene absent from its listed train scenes.",heldout_winter_scene63_row74/cloudy_s2.tif,heldout_winter_scene63_row74/sar_s1_vv_vh.tif,heldout_winter_scene63_row74/clear_s2_reference.tif
heldout_winter_scene63_row75,test,winter,scene_63,p178,75,,,"Official source dataset test split, in a scene absent from its listed train scenes.",heldout_winter_scene63_row75/cloudy_s2.tif,heldout_winter_scene63_row75/sar_s1_vv_vh.tif,heldout_winter_scene63_row75/clear_s2_reference.tif
heldout_winter_scene63_row76,test,winter,scene_63,p179,76,,,"Official source dataset test split, in a scene absent from its listed train scenes.",heldout_winter_scene63_row76/cloudy_s2.tif,heldout_winter_scene63_row76/sar_s1_vv_vh.tif,heldout_winter_scene63_row76/clear_s2_reference.tif
heldout_winter_scene63_row77,test,winter,scene_63,p180,77,,,"Official source dataset test split, in a scene absent from its listed train scenes.",heldout_winter_scene63_row77/cloudy_s2.tif,heldout_winter_scene63_row77/sar_s1_vv_vh.tif,heldout_winter_scene63_row77/clear_s2_reference.tif
heldout_winter_scene63_row78,test,winter,scene_63,p181,78,,,"Official source dataset test split, in a scene absent from its listed train scenes.",heldout_winter_scene63_row78/cloudy_s2.tif,heldout_winter_scene63_row78/sar_s1_vv_vh.tif,heldout_winter_scene63_row78/clear_s2_reference.tif
heldout_winter_scene63_row79,test,winter,scene_63,p182,79,,,"Official source dataset test split, in a scene absent from its listed train scenes.",heldout_winter_scene63_row79/cloudy_s2.tif,heldout_winter_scene63_row79/sar_s1_vv_vh.tif,heldout_winter_scene63_row79/clear_s2_reference.tif
heldout_winter_scene63_row80,test,winter,scene_63,p183,80,,,"Official source dataset test split, in a scene absent from its listed train scenes.",heldout_winter_scene63_row80/cloudy_s2.tif,heldout_winter_scene63_row80/sar_s1_vv_vh.tif,heldout_winter_scene63_row80/clear_s2_reference.tif
heldout_winter_scene63_row81,test,winter,scene_63,p184,81,,,"Official source dataset test split, in a scene absent from its listed train scenes.",heldout_winter_scene63_row81/cloudy_s2.tif,heldout_winter_scene63_row81/sar_s1_vv_vh.tif,heldout_winter_scene63_row81/clear_s2_reference.tif
heldout_winter_scene63_row82,test,winter,scene_63,p185,82,,,"Official source dataset test split, in a scene absent from its listed train scenes.",heldout_winter_scene63_row82/cloudy_s2.tif,heldout_winter_scene63_row82/sar_s1_vv_vh.tif,heldout_winter_scene63_row82/clear_s2_reference.tif
heldout_winter_scene63_row83,test,winter,scene_63,p186,83,,,"Official source dataset test split, in a scene absent from its listed train scenes.",heldout_winter_scene63_row83/cloudy_s2.tif,heldout_winter_scene63_row83/sar_s1_vv_vh.tif,heldout_winter_scene63_row83/clear_s2_reference.tif
heldout_winter_scene63_row84,test,winter,scene_63,p187,84,,,"Official source dataset test split, in a scene absent from its listed train scenes.",heldout_winter_scene63_row84/cloudy_s2.tif,heldout_winter_scene63_row84/sar_s1_vv_vh.tif,heldout_winter_scene63_row84/clear_s2_reference.tif
heldout_winter_scene63_row85,test,winter,scene_63,p188,85,,,"Official source dataset test split, in a scene absent from its listed train scenes.",heldout_winter_scene63_row85/cloudy_s2.tif,heldout_winter_scene63_row85/sar_s1_vv_vh.tif,heldout_winter_scene63_row85/clear_s2_reference.tif
heldout_winter_scene63_row86,test,winter,scene_63,p189,86,,,"Official source dataset test split, in a scene absent from its listed train scenes.",heldout_winter_scene63_row86/cloudy_s2.tif,heldout_winter_scene63_row86/sar_s1_vv_vh.tif,heldout_winter_scene63_row86/clear_s2_reference.tif
heldout_winter_scene63_row87,test,winter,scene_63,p190,87,,,"Official source dataset test split, in a scene absent from its listed train scenes.",heldout_winter_scene63_row87/cloudy_s2.tif,heldout_winter_scene63_row87/sar_s1_vv_vh.tif,heldout_winter_scene63_row87/clear_s2_reference.tif
heldout_winter_scene63_row88,test,winter,scene_63,p191,88,,,"Official source dataset test split, in a scene absent from its listed train scenes.",heldout_winter_scene63_row88/cloudy_s2.tif,heldout_winter_scene63_row88/sar_s1_vv_vh.tif,heldout_winter_scene63_row88/clear_s2_reference.tif
heldout_winter_scene63_row89,test,winter,scene_63,p192,89,,,"Official source dataset test split, in a scene absent from its listed train scenes.",heldout_winter_scene63_row89/cloudy_s2.tif,heldout_winter_scene63_row89/sar_s1_vv_vh.tif,heldout_winter_scene63_row89/clear_s2_reference.tif
heldout_winter_scene63_row90,test,winter,scene_63,p193,90,,,"Official source dataset test split, in a scene absent from its listed train scenes.",heldout_winter_scene63_row90/cloudy_s2.tif,heldout_winter_scene63_row90/sar_s1_vv_vh.tif,heldout_winter_scene63_row90/clear_s2_reference.tif
heldout_winter_scene63_row91,test,winter,scene_63,p194,91,,,"Official source dataset test split, in a scene absent from its listed train scenes.",heldout_winter_scene63_row91/cloudy_s2.tif,heldout_winter_scene63_row91/sar_s1_vv_vh.tif,heldout_winter_scene63_row91/clear_s2_reference.tif
heldout_winter_scene63_row92,test,winter,scene_63,p195,92,,,"Official source dataset test split, in a scene absent from its listed train scenes.",heldout_winter_scene63_row92/cloudy_s2.tif,heldout_winter_scene63_row92/sar_s1_vv_vh.tif,heldout_winter_scene63_row92/clear_s2_reference.tif
heldout_winter_scene63_row93,test,winter,scene_63,p196,93,,,"Official source dataset test split, in a scene absent from its listed train scenes.",heldout_winter_scene63_row93/cloudy_s2.tif,heldout_winter_scene63_row93/sar_s1_vv_vh.tif,heldout_winter_scene63_row93/clear_s2_reference.tif
heldout_winter_scene63_row94,test,winter,scene_63,p197,94,,,"Official source dataset test split, in a scene absent from its listed train scenes.",heldout_winter_scene63_row94/cloudy_s2.tif,heldout_winter_scene63_row94/sar_s1_vv_vh.tif,heldout_winter_scene63_row94/clear_s2_reference.tif
heldout_winter_scene63_row95,test,winter,scene_63,p198,95,,,"Official source dataset test split, in a scene absent from its listed train scenes.",heldout_winter_scene63_row95/cloudy_s2.tif,heldout_winter_scene63_row95/sar_s1_vv_vh.tif,heldout_winter_scene63_row95/clear_s2_reference.tif
heldout_winter_scene108,test,winter,scene_108,p100,0,,,"Official source dataset test split, in a scene absent from its listed train scenes.",heldout_winter_scene108/cloudy_s2.tif,heldout_winter_scene108/sar_s1_vv_vh.tif,heldout_winter_scene108/clear_s2_reference.tif
heldout_winter_scene108_row1,test,winter,scene_108,p101,1,,,"Official source dataset test split, in a scene absent from its listed train scenes.",heldout_winter_scene108_row1/cloudy_s2.tif,heldout_winter_scene108_row1/sar_s1_vv_vh.tif,heldout_winter_scene108_row1/clear_s2_reference.tif
heldout_winter_scene108_row2,test,winter,scene_108,p102,2,,,"Official source dataset test split, in a scene absent from its listed train scenes.",heldout_winter_scene108_row2/cloudy_s2.tif,heldout_winter_scene108_row2/sar_s1_vv_vh.tif,heldout_winter_scene108_row2/clear_s2_reference.tif
heldout_winter_scene108_row3,test,winter,scene_108,p103,3,,,"Official source dataset test split, in a scene absent from its listed train scenes.",heldout_winter_scene108_row3/cloudy_s2.tif,heldout_winter_scene108_row3/sar_s1_vv_vh.tif,heldout_winter_scene108_row3/clear_s2_reference.tif
heldout_winter_scene108_row4,test,winter,scene_108,p104,4,,,"Official source dataset test split, in a scene absent from its listed train scenes.",heldout_winter_scene108_row4/cloudy_s2.tif,heldout_winter_scene108_row4/sar_s1_vv_vh.tif,heldout_winter_scene108_row4/clear_s2_reference.tif
heldout_winter_scene108_row5,test,winter,scene_108,p105,5,,,"Official source dataset test split, in a scene absent from its listed train scenes.",heldout_winter_scene108_row5/cloudy_s2.tif,heldout_winter_scene108_row5/sar_s1_vv_vh.tif,heldout_winter_scene108_row5/clear_s2_reference.tif
heldout_winter_scene108_row6,test,winter,scene_108,p106,6,,,"Official source dataset test split, in a scene absent from its listed train scenes.",heldout_winter_scene108_row6/cloudy_s2.tif,heldout_winter_scene108_row6/sar_s1_vv_vh.tif,heldout_winter_scene108_row6/clear_s2_reference.tif
heldout_winter_scene108_row7,test,winter,scene_108,p107,7,,,"Official source dataset test split, in a scene absent from its listed train scenes.",heldout_winter_scene108_row7/cloudy_s2.tif,heldout_winter_scene108_row7/sar_s1_vv_vh.tif,heldout_winter_scene108_row7/clear_s2_reference.tif
heldout_winter_scene108_row8,test,winter,scene_108,p108,8,,,"Official source dataset test split, in a scene absent from its listed train scenes.",heldout_winter_scene108_row8/cloudy_s2.tif,heldout_winter_scene108_row8/sar_s1_vv_vh.tif,heldout_winter_scene108_row8/clear_s2_reference.tif
heldout_winter_scene108_row9,test,winter,scene_108,p109,9,,,"Official source dataset test split, in a scene absent from its listed train scenes.",heldout_winter_scene108_row9/cloudy_s2.tif,heldout_winter_scene108_row9/sar_s1_vv_vh.tif,heldout_winter_scene108_row9/clear_s2_reference.tif
heldout_winter_scene108_row10,test,winter,scene_108,p110,10,,,"Official source dataset test split, in a scene absent from its listed train scenes.",heldout_winter_scene108_row10/cloudy_s2.tif,heldout_winter_scene108_row10/sar_s1_vv_vh.tif,heldout_winter_scene108_row10/clear_s2_reference.tif
heldout_winter_scene108_row11,test,winter,scene_108,p111,11,,,"Official source dataset test split, in a scene absent from its listed train scenes.",heldout_winter_scene108_row11/cloudy_s2.tif,heldout_winter_scene108_row11/sar_s1_vv_vh.tif,heldout_winter_scene108_row11/clear_s2_reference.tif
heldout_winter_scene108_row12,test,winter,scene_108,p112,12,,,"Official source dataset test split, in a scene absent from its listed train scenes.",heldout_winter_scene108_row12/cloudy_s2.tif,heldout_winter_scene108_row12/sar_s1_vv_vh.tif,heldout_winter_scene108_row12/clear_s2_reference.tif
heldout_winter_scene108_row13,test,winter,scene_108,p113,13,,,"Official source dataset test split, in a scene absent from its listed train scenes.",heldout_winter_scene108_row13/cloudy_s2.tif,heldout_winter_scene108_row13/sar_s1_vv_vh.tif,heldout_winter_scene108_row13/clear_s2_reference.tif
heldout_winter_scene108_row14,test,winter,scene_108,p114,14,,,"Official source dataset test split, in a scene absent from its listed train scenes.",heldout_winter_scene108_row14/cloudy_s2.tif,heldout_winter_scene108_row14/sar_s1_vv_vh.tif,heldout_winter_scene108_row14/clear_s2_reference.tif
heldout_winter_scene108_row15,test,winter,scene_108,p115,15,,,"Official source dataset test split, in a scene absent from its listed train scenes.",heldout_winter_scene108_row15/cloudy_s2.tif,heldout_winter_scene108_row15/sar_s1_vv_vh.tif,heldout_winter_scene108_row15/clear_s2_reference.tif
heldout_winter_scene108_row16,test,winter,scene_108,p117,16,,,"Official source dataset test split, in a scene absent from its listed train scenes.",heldout_winter_scene108_row16/cloudy_s2.tif,heldout_winter_scene108_row16/sar_s1_vv_vh.tif,heldout_winter_scene108_row16/clear_s2_reference.tif
heldout_winter_scene108_row17,test,winter,scene_108,p118,17,,,"Official source dataset test split, in a scene absent from its listed train scenes.",heldout_winter_scene108_row17/cloudy_s2.tif,heldout_winter_scene108_row17/sar_s1_vv_vh.tif,heldout_winter_scene108_row17/clear_s2_reference.tif
heldout_winter_scene108_row18,test,winter,scene_108,p119,18,,,"Official source dataset test split, in a scene absent from its listed train scenes.",heldout_winter_scene108_row18/cloudy_s2.tif,heldout_winter_scene108_row18/sar_s1_vv_vh.tif,heldout_winter_scene108_row18/clear_s2_reference.tif
heldout_winter_scene108_row19,test,winter,scene_108,p120,19,,,"Official source dataset test split, in a scene absent from its listed train scenes.",heldout_winter_scene108_row19/cloudy_s2.tif,heldout_winter_scene108_row19/sar_s1_vv_vh.tif,heldout_winter_scene108_row19/clear_s2_reference.tif
heldout_winter_scene108_row20,test,winter,scene_108,p121,20,,,"Official source dataset test split, in a scene absent from its listed train scenes.",heldout_winter_scene108_row20/cloudy_s2.tif,heldout_winter_scene108_row20/sar_s1_vv_vh.tif,heldout_winter_scene108_row20/clear_s2_reference.tif
heldout_winter_scene108_row21,test,winter,scene_108,p122,21,,,"Official source dataset test split, in a scene absent from its listed train scenes.",heldout_winter_scene108_row21/cloudy_s2.tif,heldout_winter_scene108_row21/sar_s1_vv_vh.tif,heldout_winter_scene108_row21/clear_s2_reference.tif
heldout_winter_scene108_row22,test,winter,scene_108,p123,22,,,"Official source dataset test split, in a scene absent from its listed train scenes.",heldout_winter_scene108_row22/cloudy_s2.tif,heldout_winter_scene108_row22/sar_s1_vv_vh.tif,heldout_winter_scene108_row22/clear_s2_reference.tif
heldout_winter_scene108_row23,test,winter,scene_108,p124,23,,,"Official source dataset test split, in a scene absent from its listed train scenes.",heldout_winter_scene108_row23/cloudy_s2.tif,heldout_winter_scene108_row23/sar_s1_vv_vh.tif,heldout_winter_scene108_row23/clear_s2_reference.tif
heldout_winter_scene108_row24,test,winter,scene_108,p125,24,,,"Official source dataset test split, in a scene absent from its listed train scenes.",heldout_winter_scene108_row24/cloudy_s2.tif,heldout_winter_scene108_row24/sar_s1_vv_vh.tif,heldout_winter_scene108_row24/clear_s2_reference.tif
heldout_winter_scene108_row25,test,winter,scene_108,p126,25,,,"Official source dataset test split, in a scene absent from its listed train scenes.",heldout_winter_scene108_row25/cloudy_s2.tif,heldout_winter_scene108_row25/sar_s1_vv_vh.tif,heldout_winter_scene108_row25/clear_s2_reference.tif
heldout_winter_scene108_row26,test,winter,scene_108,p127,26,,,"Official source dataset test split, in a scene absent from its listed train scenes.",heldout_winter_scene108_row26/cloudy_s2.tif,heldout_winter_scene108_row26/sar_s1_vv_vh.tif,heldout_winter_scene108_row26/clear_s2_reference.tif
heldout_winter_scene108_row27,test,winter,scene_108,p128,27,,,"Official source dataset test split, in a scene absent from its listed train scenes.",heldout_winter_scene108_row27/cloudy_s2.tif,heldout_winter_scene108_row27/sar_s1_vv_vh.tif,heldout_winter_scene108_row27/clear_s2_reference.tif
heldout_winter_scene108_row28,test,winter,scene_108,p129,28,,,"Official source dataset test split, in a scene absent from its listed train scenes.",heldout_winter_scene108_row28/cloudy_s2.tif,heldout_winter_scene108_row28/sar_s1_vv_vh.tif,heldout_winter_scene108_row28/clear_s2_reference.tif
heldout_winter_scene108_row29,test,winter,scene_108,p130,29,,,"Official source dataset test split, in a scene absent from its listed train scenes.",heldout_winter_scene108_row29/cloudy_s2.tif,heldout_winter_scene108_row29/sar_s1_vv_vh.tif,heldout_winter_scene108_row29/clear_s2_reference.tif
heldout_winter_scene108_row30,test,winter,scene_108,p131,30,,,"Official source dataset test split, in a scene absent from its listed train scenes.",heldout_winter_scene108_row30/cloudy_s2.tif,heldout_winter_scene108_row30/sar_s1_vv_vh.tif,heldout_winter_scene108_row30/clear_s2_reference.tif
heldout_winter_scene108_row31,test,winter,scene_108,p132,31,,,"Official source dataset test split, in a scene absent from its listed train scenes.",heldout_winter_scene108_row31/cloudy_s2.tif,heldout_winter_scene108_row31/sar_s1_vv_vh.tif,heldout_winter_scene108_row31/clear_s2_reference.tif
heldout_winter_scene108_row32,test,winter,scene_108,p133,32,,,"Official source dataset test split, in a scene absent from its listed train scenes.",heldout_winter_scene108_row32/cloudy_s2.tif,heldout_winter_scene108_row32/sar_s1_vv_vh.tif,heldout_winter_scene108_row32/clear_s2_reference.tif
heldout_winter_scene108_row33,test,winter,scene_108,p134,33,,,"Official source dataset test split, in a scene absent from its listed train scenes.",heldout_winter_scene108_row33/cloudy_s2.tif,heldout_winter_scene108_row33/sar_s1_vv_vh.tif,heldout_winter_scene108_row33/clear_s2_reference.tif
heldout_winter_scene108_row34,test,winter,scene_108,p135,34,,,"Official source dataset test split, in a scene absent from its listed train scenes.",heldout_winter_scene108_row34/cloudy_s2.tif,heldout_winter_scene108_row34/sar_s1_vv_vh.tif,heldout_winter_scene108_row34/clear_s2_reference.tif
heldout_winter_scene108_row35,test,winter,scene_108,p136,35,,,"Official source dataset test split, in a scene absent from its listed train scenes.",heldout_winter_scene108_row35/cloudy_s2.tif,heldout_winter_scene108_row35/sar_s1_vv_vh.tif,heldout_winter_scene108_row35/clear_s2_reference.tif
heldout_winter_scene108_row36,test,winter,scene_108,p137,36,,,"Official source dataset test split, in a scene absent from its listed train scenes.",heldout_winter_scene108_row36/cloudy_s2.tif,heldout_winter_scene108_row36/sar_s1_vv_vh.tif,heldout_winter_scene108_row36/clear_s2_reference.tif
heldout_winter_scene108_row37,test,winter,scene_108,p138,37,,,"Official source dataset test split, in a scene absent from its listed train scenes.",heldout_winter_scene108_row37/cloudy_s2.tif,heldout_winter_scene108_row37/sar_s1_vv_vh.tif,heldout_winter_scene108_row37/clear_s2_reference.tif
heldout_winter_scene108_row38,test,winter,scene_108,p139,38,,,"Official source dataset test split, in a scene absent from its listed train scenes.",heldout_winter_scene108_row38/cloudy_s2.tif,heldout_winter_scene108_row38/sar_s1_vv_vh.tif,heldout_winter_scene108_row38/clear_s2_reference.tif
heldout_winter_scene108_row39,test,winter,scene_108,p140,39,,,"Official source dataset test split, in a scene absent from its listed train scenes.",heldout_winter_scene108_row39/cloudy_s2.tif,heldout_winter_scene108_row39/sar_s1_vv_vh.tif,heldout_winter_scene108_row39/clear_s2_reference.tif
heldout_winter_scene108_row40,test,winter,scene_108,p141,40,,,"Official source dataset test split, in a scene absent from its listed train scenes.",heldout_winter_scene108_row40/cloudy_s2.tif,heldout_winter_scene108_row40/sar_s1_vv_vh.tif,heldout_winter_scene108_row40/clear_s2_reference.tif
heldout_winter_scene108_row41,test,winter,scene_108,p142,41,,,"Official source dataset test split, in a scene absent from its listed train scenes.",heldout_winter_scene108_row41/cloudy_s2.tif,heldout_winter_scene108_row41/sar_s1_vv_vh.tif,heldout_winter_scene108_row41/clear_s2_reference.tif
heldout_winter_scene108_row42,test,winter,scene_108,p143,42,,,"Official source dataset test split, in a scene absent from its listed train scenes.",heldout_winter_scene108_row42/cloudy_s2.tif,heldout_winter_scene108_row42/sar_s1_vv_vh.tif,heldout_winter_scene108_row42/clear_s2_reference.tif
heldout_winter_scene108_row43,test,winter,scene_108,p144,43,,,"Official source dataset test split, in a scene absent from its listed train scenes.",heldout_winter_scene108_row43/cloudy_s2.tif,heldout_winter_scene108_row43/sar_s1_vv_vh.tif,heldout_winter_scene108_row43/clear_s2_reference.tif
heldout_winter_scene108_row44,test,winter,scene_108,p146,44,,,"Official source dataset test split, in a scene absent from its listed train scenes.",heldout_winter_scene108_row44/cloudy_s2.tif,heldout_winter_scene108_row44/sar_s1_vv_vh.tif,heldout_winter_scene108_row44/clear_s2_reference.tif
heldout_winter_scene108_row45,test,winter,scene_108,p147,45,,,"Official source dataset test split, in a scene absent from its listed train scenes.",heldout_winter_scene108_row45/cloudy_s2.tif,heldout_winter_scene108_row45/sar_s1_vv_vh.tif,heldout_winter_scene108_row45/clear_s2_reference.tif
heldout_winter_scene108_row46,test,winter,scene_108,p148,46,,,"Official source dataset test split, in a scene absent from its listed train scenes.",heldout_winter_scene108_row46/cloudy_s2.tif,heldout_winter_scene108_row46/sar_s1_vv_vh.tif,heldout_winter_scene108_row46/clear_s2_reference.tif
heldout_winter_scene108_row47,test,winter,scene_108,p149,47,,,"Official source dataset test split, in a scene absent from its listed train scenes.",heldout_winter_scene108_row47/cloudy_s2.tif,heldout_winter_scene108_row47/sar_s1_vv_vh.tif,heldout_winter_scene108_row47/clear_s2_reference.tif
heldout_winter_scene108_row48,test,winter,scene_108,p150,48,,,"Official source dataset test split, in a scene absent from its listed train scenes.",heldout_winter_scene108_row48/cloudy_s2.tif,heldout_winter_scene108_row48/sar_s1_vv_vh.tif,heldout_winter_scene108_row48/clear_s2_reference.tif
heldout_winter_scene108_row49,test,winter,scene_108,p151,49,,,"Official source dataset test split, in a scene absent from its listed train scenes.",heldout_winter_scene108_row49/cloudy_s2.tif,heldout_winter_scene108_row49/sar_s1_vv_vh.tif,heldout_winter_scene108_row49/clear_s2_reference.tif
heldout_winter_scene108_row50,test,winter,scene_108,p152,50,,,"Official source dataset test split, in a scene absent from its listed train scenes.",heldout_winter_scene108_row50/cloudy_s2.tif,heldout_winter_scene108_row50/sar_s1_vv_vh.tif,heldout_winter_scene108_row50/clear_s2_reference.tif
heldout_winter_scene108_row51,test,winter,scene_108,p153,51,,,"Official source dataset test split, in a scene absent from its listed train scenes.",heldout_winter_scene108_row51/cloudy_s2.tif,heldout_winter_scene108_row51/sar_s1_vv_vh.tif,heldout_winter_scene108_row51/clear_s2_reference.tif
heldout_winter_scene108_row52,test,winter,scene_108,p154,52,,,"Official source dataset test split, in a scene absent from its listed train scenes.",heldout_winter_scene108_row52/cloudy_s2.tif,heldout_winter_scene108_row52/sar_s1_vv_vh.tif,heldout_winter_scene108_row52/clear_s2_reference.tif
heldout_winter_scene108_row53,test,winter,scene_108,p155,53,,,"Official source dataset test split, in a scene absent from its listed train scenes.",heldout_winter_scene108_row53/cloudy_s2.tif,heldout_winter_scene108_row53/sar_s1_vv_vh.tif,heldout_winter_scene108_row53/clear_s2_reference.tif
heldout_winter_scene108_row54,test,winter,scene_108,p156,54,,,"Official source dataset test split, in a scene absent from its listed train scenes.",heldout_winter_scene108_row54/cloudy_s2.tif,heldout_winter_scene108_row54/sar_s1_vv_vh.tif,heldout_winter_scene108_row54/clear_s2_reference.tif
heldout_winter_scene108_row55,test,winter,scene_108,p157,55,,,"Official source dataset test split, in a scene absent from its listed train scenes.",heldout_winter_scene108_row55/cloudy_s2.tif,heldout_winter_scene108_row55/sar_s1_vv_vh.tif,heldout_winter_scene108_row55/clear_s2_reference.tif
heldout_winter_scene108_row56,test,winter,scene_108,p158,56,,,"Official source dataset test split, in a scene absent from its listed train scenes.",heldout_winter_scene108_row56/cloudy_s2.tif,heldout_winter_scene108_row56/sar_s1_vv_vh.tif,heldout_winter_scene108_row56/clear_s2_reference.tif
heldout_winter_scene108_row57,test,winter,scene_108,p159,57,,,"Official source dataset test split, in a scene absent from its listed train scenes.",heldout_winter_scene108_row57/cloudy_s2.tif,heldout_winter_scene108_row57/sar_s1_vv_vh.tif,heldout_winter_scene108_row57/clear_s2_reference.tif
heldout_winter_scene108_row58,test,winter,scene_108,p160,58,,,"Official source dataset test split, in a scene absent from its listed train scenes.",heldout_winter_scene108_row58/cloudy_s2.tif,heldout_winter_scene108_row58/sar_s1_vv_vh.tif,heldout_winter_scene108_row58/clear_s2_reference.tif
heldout_winter_scene108_row59,test,winter,scene_108,p161,59,,,"Official source dataset test split, in a scene absent from its listed train scenes.",heldout_winter_scene108_row59/cloudy_s2.tif,heldout_winter_scene108_row59/sar_s1_vv_vh.tif,heldout_winter_scene108_row59/clear_s2_reference.tif
heldout_winter_scene108_row60,test,winter,scene_108,p162,60,,,"Official source dataset test split, in a scene absent from its listed train scenes.",heldout_winter_scene108_row60/cloudy_s2.tif,heldout_winter_scene108_row60/sar_s1_vv_vh.tif,heldout_winter_scene108_row60/clear_s2_reference.tif
heldout_winter_scene108_row61,test,winter,scene_108,p163,61,,,"Official source dataset test split, in a scene absent from its listed train scenes.",heldout_winter_scene108_row61/cloudy_s2.tif,heldout_winter_scene108_row61/sar_s1_vv_vh.tif,heldout_winter_scene108_row61/clear_s2_reference.tif
heldout_winter_scene108_row62,test,winter,scene_108,p164,62,,,"Official source dataset test split, in a scene absent from its listed train scenes.",heldout_winter_scene108_row62/cloudy_s2.tif,heldout_winter_scene108_row62/sar_s1_vv_vh.tif,heldout_winter_scene108_row62/clear_s2_reference.tif
heldout_winter_scene108_row63,test,winter,scene_108,p165,63,,,"Official source dataset test split, in a scene absent from its listed train scenes.",heldout_winter_scene108_row63/cloudy_s2.tif,heldout_winter_scene108_row63/sar_s1_vv_vh.tif,heldout_winter_scene108_row63/clear_s2_reference.tif
heldout_winter_scene108_row64,test,winter,scene_108,p166,64,,,"Official source dataset test split, in a scene absent from its listed train scenes.",heldout_winter_scene108_row64/cloudy_s2.tif,heldout_winter_scene108_row64/sar_s1_vv_vh.tif,heldout_winter_scene108_row64/clear_s2_reference.tif
heldout_winter_scene108_row65,test,winter,scene_108,p167,65,,,"Official source dataset test split, in a scene absent from its listed train scenes.",heldout_winter_scene108_row65/cloudy_s2.tif,heldout_winter_scene108_row65/sar_s1_vv_vh.tif,heldout_winter_scene108_row65/clear_s2_reference.tif
heldout_winter_scene108_row66,test,winter,scene_108,p168,66,,,"Official source dataset test split, in a scene absent from its listed train scenes.",heldout_winter_scene108_row66/cloudy_s2.tif,heldout_winter_scene108_row66/sar_s1_vv_vh.tif,heldout_winter_scene108_row66/clear_s2_reference.tif
heldout_winter_scene108_row67,test,winter,scene_108,p169,67,,,"Official source dataset test split, in a scene absent from its listed train scenes.",heldout_winter_scene108_row67/cloudy_s2.tif,heldout_winter_scene108_row67/sar_s1_vv_vh.tif,heldout_winter_scene108_row67/clear_s2_reference.tif
heldout_winter_scene108_row68,test,winter,scene_108,p170,68,,,"Official source dataset test split, in a scene absent from its listed train scenes.",heldout_winter_scene108_row68/cloudy_s2.tif,heldout_winter_scene108_row68/sar_s1_vv_vh.tif,heldout_winter_scene108_row68/clear_s2_reference.tif
heldout_winter_scene108_row69,test,winter,scene_108,p171,69,,,"Official source dataset test split, in a scene absent from its listed train scenes.",heldout_winter_scene108_row69/cloudy_s2.tif,heldout_winter_scene108_row69/sar_s1_vv_vh.tif,heldout_winter_scene108_row69/clear_s2_reference.tif
heldout_winter_scene108_row70,test,winter,scene_108,p172,70,,,"Official source dataset test split, in a scene absent from its listed train scenes.",heldout_winter_scene108_row70/cloudy_s2.tif,heldout_winter_scene108_row70/sar_s1_vv_vh.tif,heldout_winter_scene108_row70/clear_s2_reference.tif
heldout_winter_scene108_row71,test,winter,scene_108,p173,71,,,"Official source dataset test split, in a scene absent from its listed train scenes.",heldout_winter_scene108_row71/cloudy_s2.tif,heldout_winter_scene108_row71/sar_s1_vv_vh.tif,heldout_winter_scene108_row71/clear_s2_reference.tif
heldout_winter_scene108_row72,test,winter,scene_108,p175,72,,,"Official source dataset test split, in a scene absent from its listed train scenes.",heldout_winter_scene108_row72/cloudy_s2.tif,heldout_winter_scene108_row72/sar_s1_vv_vh.tif,heldout_winter_scene108_row72/clear_s2_reference.tif
heldout_winter_scene108_row73,test,winter,scene_108,p176,73,,,"Official source dataset test split, in a scene absent from its listed train scenes.",heldout_winter_scene108_row73/cloudy_s2.tif,heldout_winter_scene108_row73/sar_s1_vv_vh.tif,heldout_winter_scene108_row73/clear_s2_reference.tif
heldout_winter_scene108_row74,test,winter,scene_108,p177,74,,,"Official source dataset test split, in a scene absent from its listed train scenes.",heldout_winter_scene108_row74/cloudy_s2.tif,heldout_winter_scene108_row74/sar_s1_vv_vh.tif,heldout_winter_scene108_row74/clear_s2_reference.tif
heldout_winter_scene108_row75,test,winter,scene_108,p178,75,,,"Official source dataset test split, in a scene absent from its listed train scenes.",heldout_winter_scene108_row75/cloudy_s2.tif,heldout_winter_scene108_row75/sar_s1_vv_vh.tif,heldout_winter_scene108_row75/clear_s2_reference.tif
heldout_winter_scene108_row76,test,winter,scene_108,p179,76,,,"Official source dataset test split, in a scene absent from its listed train scenes.",heldout_winter_scene108_row76/cloudy_s2.tif,heldout_winter_scene108_row76/sar_s1_vv_vh.tif,heldout_winter_scene108_row76/clear_s2_reference.tif
heldout_winter_scene108_row77,test,winter,scene_108,p180,77,,,"Official source dataset test split, in a scene absent from its listed train scenes.",heldout_winter_scene108_row77/cloudy_s2.tif,heldout_winter_scene108_row77/sar_s1_vv_vh.tif,heldout_winter_scene108_row77/clear_s2_reference.tif
heldout_winter_scene108_row78,test,winter,scene_108,p181,78,,,"Official source dataset test split, in a scene absent from its listed train scenes.",heldout_winter_scene108_row78/cloudy_s2.tif,heldout_winter_scene108_row78/sar_s1_vv_vh.tif,heldout_winter_scene108_row78/clear_s2_reference.tif
heldout_winter_scene108_row79,test,winter,scene_108,p182,79,,,"Official source dataset test split, in a scene absent from its listed train scenes.",heldout_winter_scene108_row79/cloudy_s2.tif,heldout_winter_scene108_row79/sar_s1_vv_vh.tif,heldout_winter_scene108_row79/clear_s2_reference.tif
heldout_winter_scene108_row80,test,winter,scene_108,p183,80,,,"Official source dataset test split, in a scene absent from its listed train scenes.",heldout_winter_scene108_row80/cloudy_s2.tif,heldout_winter_scene108_row80/sar_s1_vv_vh.tif,heldout_winter_scene108_row80/clear_s2_reference.tif
heldout_winter_scene108_row81,test,winter,scene_108,p184,81,,,"Official source dataset test split, in a scene absent from its listed train scenes.",heldout_winter_scene108_row81/cloudy_s2.tif,heldout_winter_scene108_row81/sar_s1_vv_vh.tif,heldout_winter_scene108_row81/clear_s2_reference.tif
heldout_winter_scene108_row82,test,winter,scene_108,p185,82,,,"Official source dataset test split, in a scene absent from its listed train scenes.",heldout_winter_scene108_row82/cloudy_s2.tif,heldout_winter_scene108_row82/sar_s1_vv_vh.tif,heldout_winter_scene108_row82/clear_s2_reference.tif
heldout_winter_scene108_row83,test,winter,scene_108,p186,83,,,"Official source dataset test split, in a scene absent from its listed train scenes.",heldout_winter_scene108_row83/cloudy_s2.tif,heldout_winter_scene108_row83/sar_s1_vv_vh.tif,heldout_winter_scene108_row83/clear_s2_reference.tif
heldout_winter_scene108_row84,test,winter,scene_108,p187,84,,,"Official source dataset test split, in a scene absent from its listed train scenes.",heldout_winter_scene108_row84/cloudy_s2.tif,heldout_winter_scene108_row84/sar_s1_vv_vh.tif,heldout_winter_scene108_row84/clear_s2_reference.tif
heldout_winter_scene108_row85,test,winter,scene_108,p188,85,,,"Official source dataset test split, in a scene absent from its listed train scenes.",heldout_winter_scene108_row85/cloudy_s2.tif,heldout_winter_scene108_row85/sar_s1_vv_vh.tif,heldout_winter_scene108_row85/clear_s2_reference.tif
heldout_winter_scene108_row86,test,winter,scene_108,p189,86,,,"Official source dataset test split, in a scene absent from its listed train scenes.",heldout_winter_scene108_row86/cloudy_s2.tif,heldout_winter_scene108_row86/sar_s1_vv_vh.tif,heldout_winter_scene108_row86/clear_s2_reference.tif
heldout_winter_scene108_row87,test,winter,scene_108,p190,87,,,"Official source dataset test split, in a scene absent from its listed train scenes.",heldout_winter_scene108_row87/cloudy_s2.tif,heldout_winter_scene108_row87/sar_s1_vv_vh.tif,heldout_winter_scene108_row87/clear_s2_reference.tif
heldout_winter_scene108_row88,test,winter,scene_108,p191,88,,,"Official source dataset test split, in a scene absent from its listed train scenes.",heldout_winter_scene108_row88/cloudy_s2.tif,heldout_winter_scene108_row88/sar_s1_vv_vh.tif,heldout_winter_scene108_row88/clear_s2_reference.tif
heldout_winter_scene108_row89,test,winter,scene_108,p192,89,,,"Official source dataset test split, in a scene absent from its listed train scenes.",heldout_winter_scene108_row89/cloudy_s2.tif,heldout_winter_scene108_row89/sar_s1_vv_vh.tif,heldout_winter_scene108_row89/clear_s2_reference.tif
heldout_winter_scene108_row90,test,winter,scene_108,p193,90,,,"Official source dataset test split, in a scene absent from its listed train scenes.",heldout_winter_scene108_row90/cloudy_s2.tif,heldout_winter_scene108_row90/sar_s1_vv_vh.tif,heldout_winter_scene108_row90/clear_s2_reference.tif
heldout_winter_scene108_row91,test,winter,scene_108,p194,91,,,"Official source dataset test split, in a scene absent from its listed train scenes.",heldout_winter_scene108_row91/cloudy_s2.tif,heldout_winter_scene108_row91/sar_s1_vv_vh.tif,heldout_winter_scene108_row91/clear_s2_reference.tif
heldout_winter_scene108_row92,test,winter,scene_108,p195,92,,,"Official source dataset test split, in a scene absent from its listed train scenes.",heldout_winter_scene108_row92/cloudy_s2.tif,heldout_winter_scene108_row92/sar_s1_vv_vh.tif,heldout_winter_scene108_row92/clear_s2_reference.tif
heldout_winter_scene108_row93,test,winter,scene_108,p196,93,,,"Official source dataset test split, in a scene absent from its listed train scenes.",heldout_winter_scene108_row93/cloudy_s2.tif,heldout_winter_scene108_row93/sar_s1_vv_vh.tif,heldout_winter_scene108_row93/clear_s2_reference.tif
heldout_winter_scene108_row94,test,winter,scene_108,p197,94,,,"Official source dataset test split, in a scene absent from its listed train scenes.",heldout_winter_scene108_row94/cloudy_s2.tif,heldout_winter_scene108_row94/sar_s1_vv_vh.tif,heldout_winter_scene108_row94/clear_s2_reference.tif
heldout_winter_scene108_row95,test,winter,scene_108,p198,95,,,"Official source dataset test split, in a scene absent from its listed train scenes.",heldout_winter_scene108_row95/cloudy_s2.tif,heldout_winter_scene108_row95/sar_s1_vv_vh.tif,heldout_winter_scene108_row95/clear_s2_reference.tif
heldout_challenge_spring_scene31_p518,test,spring,scene_31,p518,426,97.25,,"Official source dataset test split, in a scene absent from its listed train scenes. Published SEN12MS-CR-derived cloud annotation: 97.25% coverage.",heldout_challenge_spring_scene31_p518/cloudy_s2.tif,heldout_challenge_spring_scene31_p518/sar_s1_vv_vh.tif,heldout_challenge_spring_scene31_p518/clear_s2_reference.tif
heldout_challenge_spring_scene44_p573,test,spring,scene_44,p573,485,86.79,,"Official source dataset test split, in a scene absent from its listed train scenes. Published SEN12MS-CR-derived cloud annotation: 86.79% coverage.",heldout_challenge_spring_scene44_p573/cloudy_s2.tif,heldout_challenge_spring_scene44_p573/sar_s1_vv_vh.tif,heldout_challenge_spring_scene44_p573/clear_s2_reference.tif
heldout_challenge_summer_scene73_p462,test,summer,scene_73,p462,367,89.70,,"Official source dataset test split, in a scene absent from its listed train scenes. Published SEN12MS-CR-derived cloud annotation: 89.70% coverage.",heldout_challenge_summer_scene73_p462/cloudy_s2.tif,heldout_challenge_summer_scene73_p462/sar_s1_vv_vh.tif,heldout_challenge_summer_scene73_p462/clear_s2_reference.tif
heldout_challenge_winter_scene108_p437,test,winter,scene_108,p437,339,63.01,Urban / built-up (IGBP class 13),"Official source dataset test split, in a scene absent from its listed train scenes. Published SEN12MS-CR-derived cloud annotation: 63.01% coverage. Land-cover label: Urban / built-up (IGBP class 13); this is not a named city or geolocation.",heldout_challenge_winter_scene108_p437/cloudy_s2.tif,heldout_challenge_winter_scene108_p437/sar_s1_vv_vh.tif,heldout_challenge_winter_scene108_p437/clear_s2_reference.tif
